N,P,K,temperature,humidity,ph,rainfall,label
79.36,54.01,42.32,24.59,80.78,5.73,200.52,rice
91.65,47.02,42.08,21.12,84.85,6.75,215.17,rice
74.55,38.67,38.04,24.15,82.16,5.94,253.13,rice
73.49,40.84,38.66,23.74,83.93,5.8,243.85,rice
84.81,35.93,41.08,22.02,80.33,6.92,286.74,rice
90.21,41.09,35.98,25.11,82.2,5.68,242.04,rice
70.86,53.19,37.59,24.98,81.56,6.28,246.94,rice
74.62,54.39,42.75,26.64,84.47,6.4,282.58,rice
72.21,38.92,35.45,22.95,81.94,5.91,273.73,rice
78.92,40.62,40.43,21.85,84.01,5.61,288.75,rice
89.31,38.97,35.06,25.89,83.53,6.59,268.27,rice
71.85,42.17,36.16,26.18,83.12,6.0,201.04,rice
77.77,41.5,42.3,24.83,84.44,6.21,206.36,rice
87.83,50.22,40.61,25.63,82.47,6.28,235.62,rice
70.64,37.16,35.31,24.82,81.57,6.26,281.22,rice
76.23,43.21,42.56,22.37,80.38,5.93,210.32,rice
93.24,51.16,41.33,26.23,84.02,5.78,279.79,rice
83.48,51.15,43.96,22.91,80.55,5.84,235.58,rice
90.45,52.21,35.07,24.06,82.09,5.83,206.39,rice
78.44,53.86,38.23,24.11,83.52,6.05,287.32,rice
94.06,40.04,39.97,22.81,81.42,5.56,252.91,rice
82.57,36.03,37.79,26.45,81.2,5.72,241.5,rice
94.64,39.84,41.72,25.57,81.19,6.59,229.94,rice
85.81,47.67,40.36,21.54,84.18,5.98,212.72,rice
71.02,46.82,41.78,21.1,82.56,5.84,256.29,rice
74.36,48.82,38.87,26.62,80.69,6.01,205.78,rice
93.12,52.55,37.58,24.96,84.09,6.33,245.32,rice
76.05,36.86,43.97,26.4,83.17,6.01,228.17,rice
88.15,52.94,43.87,25.68,83.21,5.63,210.35,rice
92.46,47.13,35.09,21.61,83.32,5.51,210.28,rice
83.72,48.84,41.52,22.35,83.56,5.86,225.91,rice
88.66,47.99,43.49,24.95,82.84,5.64,229.93,rice
76.63,39.88,44.73,23.36,84.46,6.45,270.51,rice
82.57,46.54,39.93,22.17,83.61,5.92,197.31,rice
86.14,38.54,44.4,26.72,84.57,6.06,196.47,rice
93.21,43.56,44.67,26.78,84.27,5.94,231.58,rice
91.28,41.34,36.69,24.34,84.68,6.54,249.16,rice
72.43,47.3,44.9,21.84,82.59,6.82,265.37,rice
87.43,49.05,38.59,22.76,84.05,6.72,277.37,rice
92.83,45.23,40.02,25.79,83.25,6.55,270.6,rice
92.25,41.76,38.76,21.56,82.89,5.55,239.23,rice
83.57,40.73,40.91,21.18,80.19,6.73,229.22,rice
73.18,45.44,42.7,22.29,83.11,5.63,199.91,rice
83.28,45.81,41.37,25.36,84.88,6.27,225.68,rice
89.88,40.42,39.39,21.47,80.13,6.94,274.42,rice
87.4,43.18,36.73,21.94,81.25,6.32,262.89,rice
86.5,40.6,44.55,25.43,82.77,6.42,234.86,rice
76.19,42.12,42.58,21.09,80.58,5.57,198.87,rice
91.39,49.07,39.74,21.59,82.46,6.21,211.45,rice
80.85,42.97,41.16,24.81,80.23,6.06,254.46,rice
82.58,52.13,41.59,21.98,80.35,6.46,197.52,rice
84.64,53.8,40.75,23.33,83.22,6.19,246.83,rice
93.54,42.72,44.61,26.43,80.98,5.6,204.57,rice
70.46,36.89,41.83,21.43,81.59,6.77,197.21,rice
90.36,40.64,36.18,25.18,83.14,6.82,264.83,rice
90.09,40.64,36.77,25.5,84.03,6.99,234.2,rice
79.3,50.53,38.41,26.58,84.29,6.14,266.33,rice
88.86,37.06,44.03,24.03,84.13,5.98,280.07,rice
79.73,35.22,44.05,21.55,81.6,6.93,285.31,rice
84.34,47.64,39.48,22.76,81.64,6.51,266.48,rice
89.79,50.79,35.91,23.97,80.29,6.32,236.95,rice
92.19,42.02,36.17,21.86,83.81,6.43,204.61,rice
72.1,49.02,35.73,25.93,83.53,5.62,203.06,rice
94.67,42.49,38.71,25.88,84.74,6.98,266.57,rice
79.41,36.67,42.77,24.35,82.12,6.86,205.56,rice
82.32,35.23,39.69,21.34,80.59,5.68,256.67,rice
88.65,46.67,44.62,23.25,81.43,6.8,216.24,rice
94.08,35.24,44.7,21.26,84.46,6.29,289.33,rice
71.84,46.08,44.69,24.14,83.15,6.54,238.18,rice
85.69,46.69,44.01,21.27,81.4,6.93,279.58,rice
81.39,47.4,37.77,22.13,82.32,6.03,250.45,rice
71.94,54.49,44.86,25.19,82.68,5.96,272.31,rice
87.12,38.25,44.11,25.94,84.75,6.59,253.27,rice
80.46,53.65,43.66,21.27,80.13,6.06,272.0,rice
94.68,38.01,40.94,23.29,84.85,6.76,274.64,rice
81.72,43.3,37.73,21.34,84.32,6.72,289.97,rice
94.92,46.11,42.69,26.67,84.25,5.87,237.8,rice
73.23,54.08,41.06,22.37,83.36,6.43,229.03,rice
72.84,48.43,40.2,25.63,82.6,6.78,247.43,rice
84.02,52.53,39.03,21.8,80.14,6.63,253.93,rice
87.6,39.26,36.36,21.09,81.75,6.38,232.26,rice
80.94,53.08,38.48,24.08,83.92,6.09,254.1,rice
91.56,53.99,36.47,26.56,82.46,5.89,238.62,rice
94.5,44.85,38.29,24.8,81.2,5.61,207.24,rice
73.2,38.04,36.39,24.85,80.91,6.02,280.19,rice
81.85,48.35,36.72,22.15,80.2,5.75,221.47,rice
74.43,36.77,36.21,23.76,81.03,6.05,242.82,rice
87.26,35.79,42.99,24.77,80.41,6.81,282.48,rice
71.53,40.54,43.06,25.49,80.92,5.81,230.19,rice
82.11,47.37,38.69,23.78,83.74,5.56,218.98,rice
87.83,52.9,40.12,24.19,80.54,6.17,245.6,rice
76.06,40.38,38.77,21.12,81.61,5.82,226.11,rice
72.99,52.81,40.94,25.07,83.95,6.25,203.26,rice
83.43,46.74,42.45,23.59,80.64,5.93,229.49,rice
86.15,46.42,38.56,26.92,83.03,5.86,204.67,rice
73.82,39.92,36.61,22.12,81.43,5.76,280.19,rice
72.01,45.49,39.1,26.89,80.56,6.1,287.1,rice
91.64,51.34,37.58,22.03,83.34,6.89,247.89,rice
84.29,40.6,42.69,22.12,81.62,6.14,243.22,rice
76.06,37.3,41.11,22.73,82.91,5.73,240.71,rice
81.3,36.3,18.37,19.21,56.27,6.98,76.12,maize
92.39,41.37,21.82,24.84,66.91,6.21,80.59,maize
73.95,58.24,23.31,26.69,57.49,6.6,106.92,maize
67.25,36.66,22.41,23.17,71.84,5.71,99.76,maize
68.07,39.09,16.64,25.33,68.3,6.28,77.94,maize
95.09,44.81,23.17,21.95,62.54,6.19,75.07,maize
89.9,47.57,17.32,26.1,62.68,6.32,105.32,maize
84.97,37.92,24.4,23.65,61.7,5.71,99.7,maize
84.8,48.34,23.94,25.1,58.03,5.97,72.42,maize
89.76,35.84,20.7,24.86,72.54,6.01,101.06,maize
64.43,56.16,16.27,21.58,70.95,5.72,71.46,maize
88.89,53.0,21.41,24.25,65.85,5.88,77.28,maize
67.26,57.71,20.83,21.61,64.24,6.92,67.67,maize
83.45,47.65,21.11,18.16,72.44,6.9,88.26,maize
87.87,58.06,22.07,19.37,66.53,6.41,81.21,maize
89.46,58.36,24.26,22.06,57.26,6.98,101.94,maize
64.99,58.02,23.7,22.67,66.83,6.1,62.74,maize
73.41,55.07,15.05,21.0,62.96,6.31,105.99,maize
73.85,43.67,22.38,22.07,59.49,6.18,67.04,maize
67.06,47.46,19.19,26.23,62.25,6.37,91.61,maize
60.52,51.59,16.78,26.65,57.97,6.12,64.27,maize
99.87,47.55,20.95,18.6,70.0,5.81,104.9,maize
68.21,39.77,15.37,22.25,66.3,5.6,98.78,maize
78.13,48.11,19.41,21.61,66.19,5.73,69.1,maize
94.47,58.65,18.73,20.44,67.88,6.11,61.27,maize
66.25,52.9,21.59,18.24,59.44,5.85,93.59,maize
60.79,37.6,23.0,19.61,68.05,5.86,64.97,maize
69.73,53.06,23.56,25.47,62.94,6.5,70.25,maize
71.73,57.41,15.13,18.77,59.16,5.54,69.07,maize
83.32,45.54,23.93,25.36,61.84,5.89,78.98,maize
83.61,41.7,21.24,21.68,66.04,6.15,74.72,maize
97.94,54.09,16.4,25.82,64.75,6.84,99.99,maize
77.01,35.56,17.69,22.87,67.67,5.89,66.97,maize
93.4,59.61,20.26,19.55,60.45,5.53,105.71,maize
64.71,49.41,17.74,22.99,68.03,6.74,70.32,maize
60.44,38.42,24.0,25.87,66.95,6.4,93.25,maize
67.01,57.86,19.19,21.45,65.38,5.57,68.31,maize
89.52,37.07,21.03,20.21,62.79,5.93,77.78,maize
88.76,42.43,20.66,22.28,68.27,6.91,96.63,maize
68.6,35.78,17.62,23.36,56.03,6.24,89.84,maize
73.37,54.27,16.07,18.68,69.56,6.24,94.42,maize
77.39,41.16,23.19,25.19,68.89,5.91,89.51,maize
74.44,37.29,24.17,19.23,74.0,6.17,69.26,maize
81.68,56.82,22.32,25.26,68.18,6.54,102.46,maize
69.99,47.24,17.21,26.89,73.88,5.56,95.28,maize
97.01,39.51,20.68,26.24,55.68,6.55,74.87,maize
96.98,59.28,24.44,22.27,72.24,6.77,75.96,maize
93.16,35.93,20.96,20.07,57.41,5.62,94.81,maize
73.59,53.12,15.65,20.84,65.79,6.69,75.94,maize
85.04,57.15,21.16,20.1,55.49,6.81,61.06,maize
94.99,48.22,24.39,25.19,74.96,6.03,98.36,maize
76.08,47.0,21.28,25.86,74.68,6.65,80.89,maize
76.85,53.44,17.39,18.99,62.09,5.93,74.82,maize
69.34,36.05,15.18,26.89,63.56,6.08,93.98,maize
68.73,58.75,22.86,18.8,63.35,6.82,107.24,maize
78.7,50.34,16.67,26.92,59.63,6.91,92.48,maize
84.31,47.82,17.31,19.59,59.41,5.78,98.98,maize
74.01,36.45,24.69,25.95,73.56,6.99,68.69,maize
75.85,53.96,21.96,19.39,71.32,5.84,71.19,maize
81.48,49.82,20.8,18.82,72.55,5.9,66.48,maize
95.55,58.89,23.62,25.29,68.1,6.33,64.35,maize
76.34,44.32,17.6,24.51,64.92,5.62,71.01,maize
87.33,36.9,23.51,22.46,64.61,6.39,101.23,maize
73.91,51.95,20.66,20.4,72.57,6.7,92.92,maize
94.02,56.68,22.08,25.53,68.95,6.52,90.93,maize
90.11,38.97,23.81,25.85,55.58,6.74,66.44,maize
73.4,53.59,16.61,25.36,71.64,6.26,60.32,maize
71.48,50.42,24.81,23.69,60.2,6.45,87.0,maize
91.19,37.67,22.61,22.87,74.26,6.01,91.63,maize
97.28,37.56,24.37,24.19,56.36,5.95,95.41,maize
62.69,49.55,18.46,23.59,55.91,6.81,108.67,maize
98.76,53.74,16.3,24.82,55.49,5.53,76.18,maize
79.55,54.26,21.83,22.01,60.47,7.0,81.31,maize
78.06,39.09,22.95,24.24,59.42,5.62,94.02,maize
86.18,41.83,24.51,19.36,63.65,6.92,80.99,maize
85.54,44.94,17.74,26.86,63.19,6.84,71.5,maize
68.52,35.78,21.52,21.32,72.29,6.21,108.41,maize
67.42,56.72,22.77,24.94,71.9,6.64,91.31,maize
65.25,35.81,24.21,23.55,70.93,6.22,65.87,maize
65.01,52.14,19.3,19.8,64.83,5.6,89.1,maize
70.76,54.94,18.1,22.1,55.23,5.61,79.62,maize
79.2,50.0,17.92,24.25,72.2,6.67,61.98,maize
79.22,37.62,17.42,26.88,57.85,6.25,90.91,maize
88.1,48.99,15.1,20.94,65.35,5.63,77.53,maize
61.33,36.96,18.97,19.19,66.35,6.53,100.03,maize
68.01,39.19,16.05,23.73,69.13,5.55,106.81,maize
62.08,48.53,22.09,25.84,69.28,6.7,76.97,maize
92.59,37.0,23.95,22.93,71.35,6.18,92.18,maize
81.06,53.29,15.82,18.54,59.94,5.74,103.59,maize
68.77,59.4,18.37,19.64,70.79,6.49,84.91,maize
82.21,52.98,17.28,26.97,74.5,6.48,69.98,maize
87.21,36.8,15.31,20.32,64.25,6.8,96.36,maize
89.71,45.64,18.46,21.34,74.75,5.56,103.35,maize
83.15,45.97,22.25,22.38,72.47,6.85,81.09,maize
71.07,49.81,24.12,19.9,67.46,6.45,96.66,maize
65.26,52.9,24.09,19.62,59.75,6.96,69.05,maize
94.18,47.31,17.47,25.84,63.91,6.27,77.96,maize
83.72,39.09,18.91,26.72,60.16,6.49,76.26,maize
90.94,38.27,24.7,22.08,59.72,5.61,68.49,maize
80.79,43.43,23.29,21.88,59.97,6.43,95.34,maize
26.68,59.19,75.37,19.95,17.98,7.33,90.33,chickpea
52.23,69.63,83.68,17.82,14.67,6.76,66.71,chickpea
41.25,78.42,75.39,17.49,16.71,8.61,74.48,chickpea
40.29,56.04,76.48,20.95,19.79,6.01,93.55,chickpea
45.56,76.7,79.55,19.06,16.93,7.87,69.19,chickpea
21.2,62.7,82.05,17.81,18.04,8.72,67.82,chickpea
46.9,66.09,83.68,17.71,18.16,8.35,93.34,chickpea
47.33,67.43,81.18,20.48,17.42,6.09,92.93,chickpea
47.58,71.91,77.16,19.64,16.36,7.82,68.2,chickpea
46.31,79.99,75.48,20.91,16.44,8.44,88.47,chickpea
42.68,73.46,83.79,18.62,15.96,7.87,89.24,chickpea
50.49,74.95,79.36,20.27,14.72,7.52,65.17,chickpea
32.98,64.16,78.96,19.78,16.33,7.26,72.13,chickpea
34.93,60.68,75.73,19.41,18.01,7.73,78.9,chickpea
35.19,76.58,80.19,18.92,14.15,6.96,76.41,chickpea
35.95,69.5,80.34,19.43,18.59,8.28,86.54,chickpea
58.22,55.46,76.96,17.03,17.88,8.51,72.3,chickpea
57.08,56.51,84.34,18.41,14.61,7.36,72.7,chickpea
31.39,62.68,83.03,19.16,15.87,7.71,86.48,chickpea
30.9,65.34,76.22,17.72,18.09,6.51,80.75,chickpea
48.36,57.67,80.67,18.03,19.78,7.35,89.18,chickpea
42.01,56.09,81.33,20.81,17.61,8.29,91.53,chickpea
29.12,60.3,81.11,18.64,19.04,8.52,75.6,chickpea
29.47,74.51,77.75,20.29,16.54,7.87,67.87,chickpea
44.95,66.29,80.87,17.67,18.42,8.42,71.5,chickpea
23.83,55.59,81.42,19.43,17.28,6.65,76.73,chickpea
43.78,67.42,84.88,17.55,18.17,7.13,77.85,chickpea
48.7,72.31,84.91,17.51,14.62,8.03,82.35,chickpea
30.97,56.99,75.86,20.58,15.15,6.91,71.8,chickpea
34.2,56.74,80.19,17.27,18.8,6.65,81.2,chickpea
55.2,71.27,80.33,18.3,16.0,7.87,94.82,chickpea
46.47,68.94,82.31,18.86,14.36,7.57,93.73,chickpea
27.01,72.25,77.01,19.14,14.58,7.26,87.68,chickpea
33.9,71.62,82.95,20.71,15.41,7.12,69.57,chickpea
59.7,78.18,80.4,20.37,17.13,7.75,67.67,chickpea
50.21,58.19,83.26,20.13,18.25,6.1,74.09,chickpea
30.52,64.0,75.88,20.75,17.32,6.86,76.91,chickpea
37.89,70.01,80.16,20.68,16.98,8.78,90.54,chickpea
28.34,78.26,76.16,20.27,16.28,8.46,91.04,chickpea
52.24,74.75,78.05,17.32,16.42,6.49,85.85,chickpea
33.84,79.39,81.41,20.29,14.8,8.41,92.68,chickpea
39.48,70.16,82.65,17.7,17.02,7.12,69.39,chickpea
34.7,56.7,75.26,17.54,19.78,7.54,93.97,chickpea
37.3,62.8,80.06,18.76,14.63,7.79,71.48,chickpea
44.78,71.26,76.52,17.25,18.68,7.29,66.74,chickpea
59.79,56.44,81.95,20.93,15.44,6.4,68.64,chickpea
32.13,57.53,81.92,17.25,17.06,8.79,89.42,chickpea
44.61,62.66,81.24,19.11,16.56,6.37,91.6,chickpea
37.99,59.87,78.68,18.66,18.97,8.05,88.08,chickpea
20.44,65.4,79.81,17.08,15.56,8.13,69.11,chickpea
41.41,60.38,75.12,17.96,19.86,8.24,93.79,chickpea
39.51,57.74,80.48,18.82,19.07,6.27,79.65,chickpea
26.0,63.12,82.37,18.9,16.26,7.1,78.78,chickpea
51.4,77.3,84.55,20.15,15.89,7.93,78.13,chickpea
30.19,76.02,75.38,20.61,16.77,7.78,84.78,chickpea
55.8,70.92,81.14,17.27,17.11,6.42,87.12,chickpea
40.49,72.01,75.42,17.34,18.3,6.2,67.14,chickpea
20.48,78.91,82.38,18.41,15.78,6.98,88.24,chickpea
46.45,59.63,76.74,17.39,17.96,8.14,72.95,chickpea
20.84,57.05,84.68,18.18,18.62,7.75,76.46,chickpea
28.23,58.03,81.15,20.1,17.86,7.48,66.26,chickpea
58.74,74.97,77.93,20.92,17.61,7.63,87.44,chickpea
52.47,71.41,76.28,18.35,19.57,6.63,76.17,chickpea
37.28,65.99,81.13,20.77,15.44,6.34,70.92,chickpea
55.48,71.15,77.86,20.26,19.17,8.37,92.57,chickpea
30.09,73.88,79.61,20.37,18.37,8.17,84.68,chickpea
27.1,68.63,84.85,20.75,14.26,6.46,68.95,chickpea
49.04,75.44,77.14,19.02,19.04,8.05,81.27,chickpea
43.61,67.71,77.98,19.26,18.13,8.45,84.09,chickpea
50.44,59.0,79.62,17.04,15.48,8.03,94.75,chickpea
23.97,65.04,83.0,17.82,17.33,8.05,83.48,chickpea
27.52,63.88,82.84,19.22,14.03,8.13,66.06,chickpea
49.83,60.06,84.58,18.47,15.96,6.42,74.17,chickpea
55.07,79.91,78.68,18.79,18.33,8.48,82.79,chickpea
35.66,65.32,81.96,17.01,17.72,7.0,88.83,chickpea
23.72,69.71,79.81,19.57,14.39,7.62,81.84,chickpea
42.43,70.09,81.76,20.22,15.62,8.31,79.95,chickpea
23.08,56.46,78.34,20.14,18.25,8.21,80.52,chickpea
37.61,58.69,78.28,18.74,14.53,6.62,82.95,chickpea
49.43,79.96,84.33,19.57,16.53,7.78,88.57,chickpea
24.73,65.25,83.4,18.54,17.43,7.65,70.53,chickpea
34.49,63.36,75.26,17.1,18.99,6.76,80.54,chickpea
31.95,78.52,77.59,18.72,19.24,8.36,70.58,chickpea
52.11,66.45,79.83,17.53,14.48,8.04,79.89,chickpea
37.47,73.24,82.66,17.64,17.66,6.38,87.54,chickpea
46.28,78.92,75.69,17.23,15.69,6.73,72.41,chickpea
56.25,61.24,77.72,20.04,16.7,8.17,66.96,chickpea
39.5,55.84,75.63,20.63,14.84,7.49,77.33,chickpea
33.89,77.5,75.22,19.66,19.78,7.57,93.1,chickpea
22.09,65.47,77.6,19.92,19.89,6.72,84.63,chickpea
27.92,69.13,79.64,20.89,17.65,6.98,68.42,chickpea
26.05,60.63,77.51,20.4,17.37,7.47,68.44,chickpea
54.41,73.07,75.68,19.83,17.26,6.23,78.75,chickpea
39.39,59.14,84.46,20.4,18.01,7.29,77.35,chickpea
46.04,68.64,75.62,19.05,18.84,7.29,66.56,chickpea
51.45,60.03,77.59,17.66,15.98,8.12,80.58,chickpea
28.2,76.95,83.8,20.48,15.43,7.26,94.55,chickpea
50.88,55.68,75.65,18.86,19.46,7.51,79.93,chickpea
24.22,71.42,83.22,18.52,18.65,8.7,71.11,chickpea
40.93,62.18,82.93,19.31,17.81,8.23,76.88,chickpea
37.45,68.33,16.58,21.96,23.55,5.66,137.15,kidneybeans
37.18,61.92,24.84,16.41,19.41,5.59,140.46,kidneybeans
29.63,58.8,19.4,21.15,18.58,5.94,132.32,kidneybeans
25.16,79.18,19.18,24.84,22.68,5.82,74.94,kidneybeans
36.46,65.69,16.62,15.13,21.92,5.76,124.74,kidneybeans
36.71,56.99,22.31,16.87,24.01,5.91,108.67,kidneybeans
31.31,62.86,19.71,23.22,21.21,5.68,104.48,kidneybeans
34.85,63.38,16.74,22.12,23.78,5.55,81.59,kidneybeans
14.26,63.7,19.5,22.49,22.56,5.81,91.71,kidneybeans
35.24,66.78,24.79,21.34,18.88,5.84,89.26,kidneybeans
30.59,56.74,16.75,23.56,19.59,5.92,85.13,kidneybeans
29.29,72.35,20.13,18.05,19.49,5.52,87.36,kidneybeans
29.59,78.46,23.71,22.66,23.52,5.83,83.43,kidneybeans
37.22,71.77,20.6,16.11,21.13,5.73,137.81,kidneybeans
26.4,64.51,24.77,16.11,20.96,5.52,126.59,kidneybeans
37.54,62.0,23.58,17.92,24.38,5.88,132.44,kidneybeans
10.54,79.07,22.27,18.05,23.81,5.64,138.55,kidneybeans
13.38,72.59,20.41,15.97,19.69,5.51,102.19,kidneybeans
19.04,69.96,17.97,18.0,23.2,5.52,141.26,kidneybeans
35.57,71.7,20.93,23.92,19.3,5.54,81.56,kidneybeans
33.84,55.87,20.83,24.95,23.99,5.76,65.73,kidneybeans
34.94,69.97,16.15,15.94,24.37,5.83,134.64,kidneybeans
36.37,69.29,20.17,19.3,20.22,5.72,129.65,kidneybeans
28.06,77.31,19.43,21.07,22.42,5.8,123.24,kidneybeans
17.12,67.81,16.04,18.85,21.41,5.83,145.55,kidneybeans
28.02,73.59,20.06,21.34,18.5,5.63,92.57,kidneybeans
24.17,56.14,16.4,17.77,24.8,5.67,103.38,kidneybeans
15.88,70.27,17.81,17.07,21.62,5.5,60.69,kidneybeans
16.57,55.92,16.08,18.39,23.62,5.79,106.14,kidneybeans
18.8,78.29,18.97,15.87,22.32,5.56,91.07,kidneybeans
25.22,76.86,19.94,22.02,24.95,5.57,84.73,kidneybeans
21.84,65.55,19.11,24.08,23.0,5.8,87.84,kidneybeans
34.71,78.88,23.21,15.02,22.45,5.53,83.18,kidneybeans
11.79,70.09,21.87,16.14,20.69,5.73,93.21,kidneybeans
13.63,65.47,22.51,15.71,18.56,5.68,144.76,kidneybeans
30.06,71.97,18.62,20.94,18.07,5.82,142.2,kidneybeans
28.38,76.84,22.24,16.21,24.32,5.53,108.06,kidneybeans
14.26,55.29,19.22,17.95,21.4,5.79,63.94,kidneybeans
13.69,68.97,18.43,22.29,22.57,5.92,122.32,kidneybeans
22.9,71.82,17.75,18.06,23.52,5.72,131.85,kidneybeans
34.67,76.44,24.17,19.31,20.23,5.79,93.41,kidneybeans
28.03,72.64,21.88,18.75,19.17,5.72,72.83,kidneybeans
36.7,63.65,16.54,15.25,22.52,5.82,90.65,kidneybeans
12.15,65.24,18.11,21.77,22.24,5.68,79.61,kidneybeans
39.64,66.35,21.88,16.41,21.4,5.51,105.49,kidneybeans
38.92,64.61,15.39,15.31,20.72,5.58,62.1,kidneybeans
32.69,66.46,17.89,24.0,18.81,5.98,88.26,kidneybeans
36.65,70.07,23.27,24.84,20.02,5.98,95.05,kidneybeans
21.57,63.51,20.41,16.54,21.88,5.77,128.57,kidneybeans
35.01,66.01,18.02,17.59,19.36,5.53,90.82,kidneybeans
18.11,79.16,20.58,18.47,22.06,5.57,99.96,kidneybeans
28.79,67.22,19.02,24.94,24.16,5.81,111.24,kidneybeans
28.62,60.03,18.95,15.39,21.33,5.77,80.5,kidneybeans
38.92,77.74,22.22,20.33,24.09,5.57,131.15,kidneybeans
13.74,74.86,17.76,23.77,24.61,5.57,101.64,kidneybeans
39.43,67.09,23.64,20.89,20.63,5.64,78.29,kidneybeans
32.85,64.66,20.11,19.92,22.04,5.93,148.27,kidneybeans
22.23,75.69,22.65,20.74,24.69,5.6,69.83,kidneybeans
35.62,65.98,23.47,23.93,18.44,5.94,100.35,kidneybeans
25.31,70.66,24.26,15.19,21.34,5.84,125.04,kidneybeans
30.78,58.36,17.99,18.59,23.63,5.64,78.96,kidneybeans
38.72,55.22,24.98,21.77,23.8,5.65,61.29,kidneybeans
32.14,75.85,22.4,16.43,23.27,5.88,119.27,kidneybeans
32.98,76.15,21.14,15.89,21.41,5.54,96.68,kidneybeans
22.21,56.65,18.49,16.11,23.66,5.97,66.51,kidneybeans
38.65,68.06,18.0,15.77,21.5,5.9,123.64,kidneybeans
11.51,56.82,19.03,17.95,19.63,5.64,132.31,kidneybeans
37.88,65.13,24.06,18.21,21.34,5.61,117.64,kidneybeans
39.37,70.09,18.58,21.48,18.86,5.94,105.28,kidneybeans
23.48,69.65,21.25,15.72,22.78,5.62,124.26,kidneybeans
34.68,75.1,20.53,20.2,19.0,5.89,84.43,kidneybeans
24.9,62.11,16.34,21.3,18.38,5.87,88.58,kidneybeans
10.0,67.78,15.47,17.76,22.95,5.53,135.54,kidneybeans
10.11,61.17,22.41,18.16,18.71,5.68,84.34,kidneybeans
35.28,62.83,22.89,23.92,21.04,5.95,93.96,kidneybeans
38.92,57.23,21.87,19.94,20.71,5.82,123.35,kidneybeans
10.13,59.17,22.13,21.66,24.76,5.88,145.57,kidneybeans
31.08,62.45,16.05,22.82,22.51,5.52,92.4,kidneybeans
38.7,67.51,19.33,19.58,19.46,5.68,93.28,kidneybeans
11.57,74.19,19.17,23.22,23.95,5.61,119.16,kidneybeans
24.17,77.0,17.16,21.78,22.25,5.65,72.29,kidneybeans
29.55,73.46,18.16,21.45,20.77,5.86,77.93,kidneybeans
36.71,62.19,18.68,15.58,18.78,5.76,84.08,kidneybeans
35.06,55.37,18.79,18.37,18.14,5.56,97.23,kidneybeans
24.79,65.11,20.31,20.95,18.07,5.73,146.71,kidneybeans
25.57,71.94,18.12,22.74,23.41,5.76,147.84,kidneybeans
13.77,55.42,22.7,23.07,18.84,5.63,61.58,kidneybeans
18.8,74.33,20.18,18.48,20.6,5.5,86.98,kidneybeans
29.39,79.35,23.47,15.24,24.29,5.89,130.23,kidneybeans
23.74,64.95,18.03,15.66,19.6,5.62,103.57,kidneybeans
32.42,66.85,15.58,24.58,24.6,5.89,149.22,kidneybeans
26.33,79.07,15.76,18.66,19.58,5.6,72.67,kidneybeans
28.67,74.53,20.78,16.47,23.68,5.82,94.93,kidneybeans
30.22,61.5,18.45,24.17,20.03,5.73,140.11,kidneybeans
31.23,56.56,16.47,15.08,22.42,5.72,72.08,kidneybeans
38.74,68.24,17.42,20.01,22.76,5.54,84.72,kidneybeans
34.21,66.49,20.47,19.33,18.31,5.58,100.1,kidneybeans
16.28,56.25,23.44,24.81,23.55,5.93,81.78,kidneybeans
38.82,59.92,24.51,24.95,22.98,5.99,111.26,kidneybeans
17.79,65.92,20.94,15.73,22.36,5.99,77.11,kidneybeans
33.78,77.7,24.44,37.56,58.04,7.43,173.3,pigeonpeas
14.85,66.92,22.18,29.72,61.02,6.5,107.9,pigeonpeas
26.95,74.29,19.99,27.13,45.23,5.57,191.88,pigeonpeas
16.86,70.86,17.22,30.54,66.2,6.69,100.49,pigeonpeas
22.86,55.73,19.81,34.29,47.96,5.37,133.76,pigeonpeas
37.59,79.83,15.45,35.37,54.29,5.68,172.97,pigeonpeas
37.55,78.77,20.77,30.93,64.69,5.25,152.05,pigeonpeas
20.76,71.42,17.4,29.11,67.96,4.81,145.66,pigeonpeas
16.63,55.97,15.36,28.93,66.67,5.35,194.55,pigeonpeas
27.45,65.92,20.8,32.68,63.97,5.35,128.84,pigeonpeas
36.82,78.66,23.93,31.61,64.51,5.93,144.73,pigeonpeas
16.14,69.78,16.86,30.65,66.38,5.12,97.83,pigeonpeas
12.07,78.52,20.07,31.5,65.27,7.01,126.54,pigeonpeas
30.81,74.28,21.55,28.67,66.9,6.12,121.07,pigeonpeas
22.76,55.94,16.28,35.42,45.0,5.75,147.48,pigeonpeas
11.64,79.33,17.26,30.35,52.6,5.19,90.16,pigeonpeas
31.88,79.17,17.24,34.29,63.55,7.05,136.49,pigeonpeas
19.09,63.13,22.13,35.98,49.54,5.61,189.21,pigeonpeas
34.2,79.62,22.54,31.33,59.77,6.48,98.63,pigeonpeas
26.33,72.73,16.67,35.59,59.59,7.36,94.67,pigeonpeas
17.96,70.04,17.97,34.86,63.98,4.81,146.52,pigeonpeas
25.27,64.23,24.33,36.1,62.43,6.64,140.79,pigeonpeas
37.63,72.36,22.29,36.48,51.85,6.92,111.48,pigeonpeas
20.36,63.39,24.79,36.42,62.53,6.68,151.83,pigeonpeas
38.41,67.41,18.81,28.79,64.66,6.7,132.28,pigeonpeas
10.76,75.97,15.11,34.74,69.26,5.81,115.85,pigeonpeas
31.15,75.43,20.46,37.64,46.29,6.01,169.03,pigeonpeas
35.88,59.48,23.0,33.08,54.91,4.9,185.18,pigeonpeas
14.72,62.74,17.9,36.59,61.82,6.89,117.55,pigeonpeas
28.75,69.29,23.33,36.97,45.3,6.52,95.7,pigeonpeas
26.47,62.19,18.07,30.88,60.53,5.5,170.6,pigeonpeas
22.14,56.71,22.84,30.14,55.82,6.56,126.57,pigeonpeas
11.7,64.35,24.44,34.06,61.79,6.4,111.89,pigeonpeas
22.55,73.77,16.01,30.06,51.91,5.8,197.84,pigeonpeas
12.03,67.97,16.79,37.68,47.83,5.71,171.17,pigeonpeas
31.14,65.57,18.47,31.37,51.61,5.12,143.13,pigeonpeas
18.06,62.19,21.57,37.65,60.09,4.73,98.31,pigeonpeas
38.54,62.43,15.92,33.59,60.59,6.45,119.41,pigeonpeas
10.45,79.13,17.51,34.44,62.67,6.33,124.42,pigeonpeas
18.13,69.94,23.66,37.41,47.65,4.96,193.92,pigeonpeas
32.1,77.07,17.03,33.46,62.53,6.54,134.9,pigeonpeas
10.46,69.57,17.53,31.95,68.94,5.7,182.38,pigeonpeas
15.66,71.81,24.77,28.12,45.21,5.8,100.19,pigeonpeas
32.45,77.86,19.34,29.85,55.86,6.67,91.0,pigeonpeas
27.68,70.33,21.38,29.66,62.85,4.77,111.92,pigeonpeas
36.32,73.47,15.14,29.73,50.36,5.31,117.23,pigeonpeas
11.88,66.47,22.33,33.67,61.82,4.74,194.66,pigeonpeas
35.15,75.13,23.23,37.26,58.61,5.1,157.85,pigeonpeas
32.29,73.45,20.21,27.75,54.28,7.26,154.29,pigeonpeas
26.15,61.72,18.68,36.85,61.66,6.86,139.98,pigeonpeas
28.91,61.21,22.05,31.7,56.06,6.45,192.99,pigeonpeas
11.92,75.62,17.92,31.88,45.55,5.4,145.29,pigeonpeas
11.69,67.28,24.27,28.16,64.11,5.73,162.07,pigeonpeas
17.81,58.99,16.6,27.78,49.64,6.49,186.99,pigeonpeas
34.42,72.13,16.1,30.18,52.75,5.25,146.65,pigeonpeas
26.07,63.92,18.54,36.11,64.73,5.42,190.52,pigeonpeas
38.58,63.17,18.54,32.56,68.53,7.13,101.28,pigeonpeas
21.78,68.83,20.03,29.13,66.47,6.53,182.17,pigeonpeas
35.76,73.71,19.39,33.72,49.01,6.52,109.72,pigeonpeas
30.82,60.74,16.18,28.82,45.05,6.66,170.56,pigeonpeas
25.45,59.03,15.84,27.21,49.14,7.17,116.57,pigeonpeas
20.63,57.63,17.22,32.71,60.19,5.24,96.35,pigeonpeas
21.73,60.86,17.2,37.56,60.41,6.17,135.74,pigeonpeas
22.87,68.52,21.96,34.72,49.29,6.0,135.32,pigeonpeas
36.12,70.79,20.33,28.27,60.14,4.85,127.09,pigeonpeas
14.29,72.3,17.06,31.31,67.39,5.11,145.86,pigeonpeas
22.58,55.45,22.93,27.76,56.86,6.18,159.13,pigeonpeas
30.66,61.33,15.1,34.96,58.39,7.01,180.35,pigeonpeas
35.3,67.13,18.34,35.71,56.28,5.05,184.05,pigeonpeas
36.48,66.66,15.76,31.27,65.09,7.21,112.38,pigeonpeas
12.01,76.93,18.89,32.96,69.2,4.7,161.31,pigeonpeas
12.22,64.39,23.04,31.77,69.93,6.18,125.33,pigeonpeas
16.6,63.76,18.73,27.76,54.24,5.89,169.5,pigeonpeas
29.7,72.72,15.08,29.39,61.54,5.95,90.58,pigeonpeas
34.13,74.32,20.48,27.73,64.16,6.25,176.02,pigeonpeas
32.55,75.08,20.18,28.54,61.78,6.36,171.65,pigeonpeas
15.1,59.87,23.9,35.25,67.71,6.78,155.69,pigeonpeas
29.62,77.23,20.79,33.96,48.91,5.92,168.8,pigeonpeas
18.13,60.06,18.14,29.66,50.37,5.77,189.86,pigeonpeas
25.21,59.7,15.77,34.66,54.57,6.97,162.55,pigeonpeas
33.89,61.8,21.92,29.9,68.48,6.41,125.7,pigeonpeas
18.09,59.77,21.95,29.41,59.88,5.29,162.82,pigeonpeas
34.45,74.45,22.61,29.06,47.21,6.6,130.52,pigeonpeas
22.97,55.78,17.6,27.37,66.98,5.23,151.31,pigeonpeas
11.17,71.67,18.23,36.88,67.2,5.48,189.11,pigeonpeas
39.88,75.64,23.45,29.74,59.42,4.7,100.44,pigeonpeas
39.97,63.17,22.48,35.87,66.45,7.49,116.56,pigeonpeas
11.21,65.28,16.3,27.25,54.01,6.85,152.28,pigeonpeas
19.38,71.36,17.32,27.16,64.11,6.37,173.85,pigeonpeas
11.17,75.93,21.2,33.2,60.62,7.09,154.56,pigeonpeas
27.43,79.77,22.57,31.87,62.68,5.67,115.18,pigeonpeas
27.91,78.2,24.29,30.76,58.19,5.13,199.52,pigeonpeas
39.43,71.24,23.04,34.87,59.83,4.66,140.02,pigeonpeas
30.24,71.94,18.73,37.36,49.18,6.0,166.0,pigeonpeas
30.91,71.22,17.75,28.72,60.9,6.3,109.73,pigeonpeas
31.15,66.38,21.68,36.21,49.24,4.56,175.7,pigeonpeas
28.29,72.49,23.38,35.83,69.02,6.11,143.73,pigeonpeas
22.06,58.84,20.73,30.05,68.03,6.25,155.21,pigeonpeas
20.65,56.3,15.32,31.66,47.11,6.32,186.91,pigeonpeas
36.49,71.48,17.11,36.49,67.15,5.09,171.12,pigeonpeas
18.6,55.07,24.97,24.24,62.43,7.48,73.8,mothbeans
23.95,56.18,15.62,26.68,41.68,9.74,66.76,mothbeans
35.58,58.45,15.85,27.08,41.78,4.85,40.32,mothbeans
24.07,41.71,16.01,25.34,43.68,9.73,64.17,mothbeans
39.03,45.99,17.78,30.39,48.16,5.42,40.46,mothbeans
13.89,41.41,18.55,29.39,41.56,4.85,66.41,mothbeans
14.41,43.57,23.65,25.24,42.07,6.6,43.61,mothbeans
26.9,55.1,16.37,28.65,52.64,4.42,58.08,mothbeans
18.21,47.2,15.82,27.68,47.66,8.76,32.56,mothbeans
22.56,46.46,22.25,28.59,56.68,8.47,68.8,mothbeans
19.42,48.45,23.4,31.92,62.24,5.88,38.78,mothbeans
24.68,53.54,19.93,27.87,60.96,5.81,68.69,mothbeans
22.2,43.21,19.54,30.1,43.15,4.76,72.82,mothbeans
15.26,49.19,20.79,27.92,56.12,4.97,54.87,mothbeans
21.17,51.54,16.41,28.57,44.63,5.28,39.84,mothbeans
15.49,55.64,17.86,31.42,64.25,7.16,36.44,mothbeans
21.24,54.94,18.67,24.7,53.92,8.91,65.82,mothbeans
15.25,51.82,17.21,25.75,61.85,5.1,41.85,mothbeans
10.02,56.77,22.93,29.02,58.76,4.47,50.62,mothbeans
20.54,37.34,19.86,31.37,41.0,5.37,39.34,mothbeans
17.14,57.71,19.68,27.73,59.01,4.49,51.93,mothbeans
22.9,49.92,25.0,30.16,49.95,8.8,37.68,mothbeans
10.91,40.11,18.4,28.08,55.38,9.33,52.94,mothbeans
25.04,36.26,15.35,28.41,50.95,8.87,37.23,mothbeans
10.75,46.23,17.37,24.4,58.11,4.21,57.37,mothbeans
18.43,39.34,18.8,30.41,49.8,8.3,35.65,mothbeans
33.18,40.92,21.77,28.53,63.23,5.98,32.98,mothbeans
10.57,55.67,20.25,30.2,45.86,5.71,31.35,mothbeans
38.84,51.7,24.33,26.12,55.29,7.84,44.29,mothbeans
35.44,58.68,23.85,29.91,46.94,5.3,73.35,mothbeans
10.31,52.9,22.06,28.98,64.75,5.5,45.3,mothbeans
12.37,46.07,17.61,26.75,60.86,9.49,38.36,mothbeans
21.18,58.22,15.62,24.74,44.07,7.31,36.77,mothbeans
39.04,46.17,20.02,25.97,51.77,7.74,63.8,mothbeans
32.62,49.45,24.04,30.54,58.93,3.86,30.31,mothbeans
16.37,51.59,19.11,27.22,62.11,9.23,70.91,mothbeans
19.42,52.28,17.72,25.52,44.62,5.69,49.35,mothbeans
34.93,38.0,22.35,28.25,47.2,6.65,43.5,mothbeans
27.88,45.85,16.64,24.93,53.67,9.28,45.48,mothbeans
31.99,51.47,24.32,30.57,54.17,7.7,70.43,mothbeans
21.99,43.17,15.11,30.61,60.02,4.17,55.96,mothbeans
23.92,37.97,24.81,25.72,41.68,7.31,63.25,mothbeans
10.97,51.47,20.32,24.83,44.31,7.14,43.34,mothbeans
38.15,55.47,24.84,26.08,64.24,6.26,45.64,mothbeans
11.51,36.32,21.92,27.66,45.66,7.43,41.38,mothbeans
27.33,43.98,23.24,30.57,51.93,5.75,46.32,mothbeans
34.17,43.2,17.09,24.68,51.67,6.59,67.84,mothbeans
16.64,44.52,23.08,30.59,49.62,6.44,43.65,mothbeans
37.98,37.97,24.34,29.47,53.29,3.71,51.4,mothbeans
22.23,39.03,21.56,31.77,54.05,8.07,33.08,mothbeans
22.53,37.91,21.13,31.51,56.54,3.99,45.96,mothbeans
26.52,45.08,23.34,30.52,55.3,5.89,41.49,mothbeans
13.18,43.87,19.13,29.41,56.45,3.95,47.79,mothbeans
15.45,38.92,23.27,24.34,50.48,4.58,69.57,mothbeans
26.71,40.78,20.02,29.85,63.95,4.91,69.88,mothbeans
38.03,57.91,21.35,29.04,50.08,8.32,53.91,mothbeans
30.32,45.71,22.31,30.6,43.66,8.83,54.31,mothbeans
35.34,45.78,18.79,31.32,46.28,8.9,51.78,mothbeans
25.42,42.71,20.73,26.6,40.98,5.24,30.29,mothbeans
39.35,59.14,18.95,29.83,48.65,7.79,66.24,mothbeans
38.4,45.01,22.83,26.13,64.76,3.66,57.16,mothbeans
29.79,52.2,16.2,31.51,44.53,7.49,40.02,mothbeans
19.22,48.66,19.17,25.28,44.27,6.18,64.08,mothbeans
36.94,37.1,18.93,24.8,40.41,7.73,57.11,mothbeans
14.89,40.85,15.24,30.68,64.37,4.37,40.42,mothbeans
36.05,58.16,19.2,24.4,40.98,7.17,47.68,mothbeans
10.86,49.58,15.11,30.3,47.66,3.76,56.48,mothbeans
21.93,59.35,20.44,26.2,57.74,5.24,70.69,mothbeans
21.24,48.75,15.51,27.41,60.81,8.66,40.09,mothbeans
16.78,55.43,24.3,24.76,51.25,5.66,69.18,mothbeans
12.51,40.28,22.52,24.41,52.31,6.33,45.05,mothbeans
21.84,48.25,16.61,28.58,60.14,8.37,36.93,mothbeans
14.48,41.7,18.61,27.27,56.99,3.86,31.56,mothbeans
21.76,52.43,16.93,29.13,46.5,9.17,70.31,mothbeans
18.92,40.75,19.11,25.92,56.81,8.79,60.29,mothbeans
34.73,44.92,16.56,29.9,49.01,7.8,42.18,mothbeans
12.44,59.81,16.56,31.91,64.43,8.58,59.67,mothbeans
27.33,56.65,17.89,27.74,55.48,6.13,49.24,mothbeans
19.91,49.11,23.51,25.61,63.36,7.91,67.05,mothbeans
26.69,54.49,15.16,30.55,41.0,9.2,74.64,mothbeans
18.82,40.26,22.65,26.02,61.64,4.16,35.67,mothbeans
39.37,51.85,23.47,26.59,56.91,7.3,57.14,mothbeans
30.48,49.38,19.29,26.21,59.21,4.95,61.16,mothbeans
17.0,50.63,22.47,25.75,41.5,4.34,57.27,mothbeans
35.48,36.12,22.34,26.73,51.96,9.44,44.94,mothbeans
23.96,35.34,15.82,26.07,40.7,7.54,49.19,mothbeans
26.44,39.37,17.96,29.31,64.13,3.82,70.07,mothbeans
27.31,49.1,20.0,24.56,42.25,7.35,45.34,mothbeans
37.52,45.16,16.43,29.72,47.33,6.86,61.4,mothbeans
37.01,54.8,21.76,29.44,63.65,5.39,30.05,mothbeans
18.16,40.45,21.62,29.07,54.84,3.6,62.8,mothbeans
19.71,51.63,20.57,26.74,43.36,4.1,67.42,mothbeans
37.55,51.24,16.03,27.22,58.22,8.49,35.32,mothbeans
10.0,52.8,18.57,26.04,40.32,6.96,68.3,mothbeans
38.73,49.14,20.14,24.68,53.72,5.93,57.32,mothbeans
21.66,41.01,15.95,26.52,42.42,4.63,74.43,mothbeans
23.32,48.3,23.74,31.96,54.57,8.7,44.71,mothbeans
19.17,45.07,21.73,29.46,47.88,4.35,58.46,mothbeans
13.85,49.46,21.93,29.6,58.84,9.09,52.5,mothbeans
31.91,50.48,16.87,24.21,47.11,6.34,57.77,mothbeans
35.5,39.91,16.26,29.89,81.08,6.68,49.64,mungbean
26.24,37.15,15.57,27.32,85.86,6.74,40.84,mungbean
29.13,55.5,15.42,28.49,86.89,6.45,42.69,mungbean
28.41,57.45,23.1,28.75,87.3,6.56,51.02,mungbean
23.99,39.75,22.02,28.67,83.59,7.11,35.52,mungbean
19.47,36.42,22.67,29.11,83.31,6.88,44.9,mungbean
32.69,46.35,19.12,29.8,82.51,6.32,49.61,mungbean
39.08,44.45,15.62,28.02,85.06,6.36,51.45,mungbean
39.93,46.29,18.55,28.2,81.15,7.08,45.37,mungbean
21.62,51.49,19.42,28.94,80.61,7.01,58.51,mungbean
29.46,58.86,16.51,28.43,86.02,6.78,45.04,mungbean
20.14,38.17,18.92,27.49,87.34,6.41,36.46,mungbean
26.57,49.88,23.72,28.73,83.45,7.0,48.51,mungbean
12.38,49.15,24.08,28.19,82.96,6.34,38.79,mungbean
22.98,49.89,15.81,29.82,87.55,6.79,55.71,mungbean
12.41,46.92,21.3,29.49,87.83,6.48,58.52,mungbean
13.73,56.88,24.71,27.53,87.22,6.24,45.14,mungbean
25.49,49.52,24.36,29.02,84.81,7.01,58.76,mungbean
10.66,59.56,15.86,29.44,82.8,6.33,46.0,mungbean
29.32,44.52,15.55,28.8,89.02,6.58,40.41,mungbean
23.28,36.21,23.2,29.48,85.88,6.55,54.99,mungbean
26.64,55.65,21.31,29.35,85.99,6.61,58.95,mungbean
26.23,50.13,17.2,28.88,85.72,6.38,36.49,mungbean
28.13,54.09,20.23,27.68,86.67,6.28,46.05,mungbean
14.9,39.61,17.02,28.16,80.51,6.6,47.79,mungbean
24.5,44.57,23.39,27.44,85.06,6.26,36.78,mungbean
27.22,49.15,23.78,28.67,89.6,6.25,37.45,mungbean
11.32,39.63,20.41,28.94,80.46,7.15,56.05,mungbean
18.9,36.93,16.7,27.38,81.23,6.72,41.15,mungbean
20.74,59.74,21.84,29.85,81.43,6.58,48.87,mungbean
12.3,35.1,21.7,28.93,84.11,6.69,45.39,mungbean
10.72,43.38,16.77,27.3,89.57,6.8,53.22,mungbean
19.46,44.83,17.37,27.29,81.79,7.0,51.94,mungbean
26.41,46.88,24.22,27.22,82.81,6.55,54.56,mungbean
39.78,41.02,23.74,29.49,82.25,6.6,45.24,mungbean
39.35,39.52,22.99,28.0,87.31,6.62,49.46,mungbean
34.98,55.1,23.66,27.18,86.92,6.34,45.4,mungbean
26.46,45.07,20.2,29.99,81.35,6.88,44.9,mungbean
13.99,38.97,24.49,29.64,89.07,7.19,40.21,mungbean
20.66,51.73,19.84,28.26,83.58,6.79,49.39,mungbean
14.84,46.79,20.53,28.71,82.1,6.94,35.63,mungbean
20.64,54.51,20.64,27.78,86.95,6.77,54.91,mungbean
32.05,50.25,19.88,27.4,82.61,6.62,49.98,mungbean
25.41,42.2,15.06,28.49,82.86,6.93,35.6,mungbean
27.54,58.54,16.74,28.41,80.91,6.83,48.76,mungbean
22.22,48.03,23.97,27.59,80.23,7.06,49.43,mungbean
36.72,49.92,23.1,28.29,87.5,7.11,49.3,mungbean
15.42,41.72,16.99,27.74,83.06,6.76,49.7,mungbean
22.79,50.39,15.82,27.26,81.72,6.72,40.35,mungbean
18.5,45.01,23.12,27.04,86.49,6.87,54.97,mungbean
37.98,35.5,16.54,29.66,84.59,6.76,51.58,mungbean
30.37,58.29,24.97,29.16,82.87,7.08,36.23,mungbean
16.93,57.43,17.56,27.66,81.38,7.06,47.5,mungbean
30.25,40.98,22.58,29.28,83.13,6.61,40.24,mungbean
39.3,51.14,24.35,27.91,87.82,6.97,52.29,mungbean
38.97,44.84,16.31,29.02,87.29,6.78,40.17,mungbean
25.13,42.8,19.27,28.94,87.45,6.43,45.13,mungbean
18.07,39.97,22.83,29.73,83.7,6.95,57.42,mungbean
35.38,39.57,24.56,28.13,83.39,6.26,47.15,mungbean
13.27,41.21,18.17,29.43,88.75,6.5,56.47,mungbean
35.72,54.12,16.47,29.07,89.45,6.88,43.29,mungbean
25.02,51.14,20.11,27.36,83.12,7.0,56.54,mungbean
14.12,58.81,18.29,28.99,87.52,7.01,58.64,mungbean
19.39,56.46,16.32,29.12,87.42,6.88,41.31,mungbean
36.19,39.22,15.54,29.15,84.75,7.05,44.58,mungbean
15.05,55.91,20.49,27.57,87.2,6.71,50.11,mungbean
23.83,55.72,23.3,29.13,81.05,7.04,51.78,mungbean
30.91,44.07,23.79,29.18,81.13,6.61,57.16,mungbean
11.42,59.04,21.79,28.89,82.71,6.45,58.55,mungbean
18.95,54.39,18.93,27.42,80.11,6.74,59.39,mungbean
21.07,43.93,18.44,28.56,84.41,7.08,47.64,mungbean
25.23,38.46,24.83,27.75,80.73,6.86,49.88,mungbean
22.45,45.55,22.85,27.59,88.2,6.85,45.47,mungbean
23.74,41.42,22.52,28.54,83.21,6.8,59.89,mungbean
23.06,58.02,18.45,27.16,82.04,6.62,40.49,mungbean
10.01,57.88,23.44,29.23,81.68,6.32,36.69,mungbean
31.72,58.22,19.31,27.36,85.12,6.55,44.37,mungbean
28.64,52.97,16.11,27.11,89.94,6.43,36.35,mungbean
15.7,35.97,18.92,29.41,83.41,6.64,51.89,mungbean
25.27,56.54,23.66,27.03,87.78,6.66,59.72,mungbean
24.5,59.67,22.55,27.75,85.38,7.19,56.44,mungbean
12.92,52.66,18.46,27.02,84.03,6.43,55.47,mungbean
20.12,55.69,15.01,27.92,82.41,6.43,36.7,mungbean
15.61,48.89,17.91,28.25,83.77,7.08,57.63,mungbean
24.79,43.25,16.07,29.86,80.6,6.5,42.45,mungbean
19.61,39.11,22.83,27.37,86.35,6.32,36.76,mungbean
37.28,39.75,23.21,28.63,80.78,7.16,41.17,mungbean
35.79,39.22,23.54,27.04,85.12,6.97,58.37,mungbean
37.28,55.49,23.88,27.6,82.84,6.49,44.43,mungbean
21.8,48.61,16.6,29.07,81.68,6.51,47.58,mungbean
33.89,53.49,21.46,27.47,85.47,6.29,44.43,mungbean
22.41,36.0,17.74,29.87,89.54,6.55,36.08,mungbean
15.37,44.81,24.48,27.42,87.64,6.31,59.53,mungbean
21.45,54.38,18.43,28.88,81.92,6.35,58.45,mungbean
37.53,57.19,21.25,29.42,80.69,6.53,42.84,mungbean
29.07,43.9,16.49,28.79,88.14,6.58,38.31,mungbean
15.9,40.94,18.0,28.93,86.01,6.9,44.06,mungbean
34.72,40.1,19.69,29.4,81.8,6.31,57.09,mungbean
20.29,52.1,15.25,29.07,83.16,6.26,50.25,mungbean
17.22,44.67,15.81,27.44,82.98,6.29,57.77,mungbean
30.18,67.1,16.23,28.08,69.26,6.66,74.49,blackgram
36.17,73.54,20.47,33.84,65.54,7.03,62.93,blackgram
34.99,77.91,18.28,28.72,67.6,6.84,74.28,blackgram
52.14,69.94,23.81,25.5,62.57,6.97,63.4,blackgram
52.32,77.98,19.24,28.42,69.62,6.94,67.34,blackgram
40.55,77.74,20.69,32.62,68.12,6.84,66.51,blackgram
55.45,64.08,22.94,34.41,66.23,7.24,72.08,blackgram
55.35,64.88,15.51,29.02,66.74,6.95,71.23,blackgram
40.71,70.87,16.86,32.49,65.46,6.7,64.38,blackgram
52.46,67.07,17.16,34.67,67.15,7.46,66.41,blackgram
44.25,77.45,20.25,32.07,62.52,6.95,61.85,blackgram
36.18,55.02,15.39,34.77,62.42,7.16,72.59,blackgram
46.52,58.83,22.28,31.0,67.31,7.27,74.63,blackgram
47.21,63.54,21.48,25.68,68.97,6.62,64.92,blackgram
54.47,69.93,18.94,29.73,68.55,6.84,73.04,blackgram
32.64,74.42,23.48,26.82,64.3,6.67,70.6,blackgram
46.06,70.88,16.96,27.12,60.41,6.82,68.4,blackgram
55.74,71.67,19.35,34.53,67.19,7.43,67.91,blackgram
37.77,56.32,22.26,26.21,63.03,7.03,68.47,blackgram
48.02,59.16,18.8,31.17,69.7,7.23,73.84,blackgram
52.87,69.79,16.92,31.67,66.23,7.1,67.35,blackgram
45.86,63.36,20.19,26.98,68.05,6.69,61.27,blackgram
43.09,71.46,19.38,27.77,65.58,6.85,73.99,blackgram
57.68,67.56,18.28,32.37,60.37,6.97,65.04,blackgram
57.62,55.3,20.53,32.41,64.85,6.59,74.59,blackgram
45.54,70.35,17.37,29.83,64.29,6.57,61.59,blackgram
55.12,61.0,16.95,30.05,67.69,6.56,68.65,blackgram
33.58,55.91,15.53,33.34,61.18,6.55,66.57,blackgram
55.32,61.56,19.22,25.4,64.49,7.08,68.56,blackgram
39.97,62.89,16.07,28.67,60.99,7.27,74.49,blackgram
59.1,76.63,21.01,32.01,62.85,7.13,66.83,blackgram
44.46,73.94,17.82,28.18,69.25,6.56,67.28,blackgram
57.38,70.26,20.46,27.5,63.43,7.35,68.39,blackgram
45.44,57.49,15.16,34.64,63.77,7.1,61.2,blackgram
50.49,78.31,20.76,26.26,65.82,7.27,66.1,blackgram
56.4,71.22,23.99,31.24,61.31,6.81,63.03,blackgram
57.26,74.01,21.76,28.01,61.84,7.26,67.11,blackgram
36.77,70.42,15.4,28.26,64.69,6.65,74.77,blackgram
36.27,58.26,17.04,32.69,64.26,7.07,60.32,blackgram
31.03,66.15,23.17,33.85,60.87,7.04,73.7,blackgram
41.64,75.74,16.34,34.35,67.51,7.44,70.15,blackgram
40.9,78.45,17.76,28.32,67.01,7.27,73.94,blackgram
36.14,74.95,22.39,25.64,63.87,6.78,64.57,blackgram
59.49,71.07,22.18,34.77,63.77,7.3,66.52,blackgram
56.09,59.52,24.48,27.19,63.26,7.26,65.91,blackgram
48.25,66.11,22.42,27.28,60.58,6.8,67.11,blackgram
35.04,63.87,19.0,25.57,65.83,7.38,62.28,blackgram
47.93,71.62,19.19,32.01,64.11,7.0,60.11,blackgram
50.75,71.53,15.38,28.68,69.79,6.92,67.53,blackgram
57.3,72.93,20.82,32.98,68.64,6.96,67.13,blackgram
41.58,79.17,21.97,25.83,68.63,6.98,61.03,blackgram
46.49,65.43,23.78,27.04,68.26,7.06,60.82,blackgram
59.16,67.82,17.91,29.69,68.58,6.8,62.89,blackgram
33.87,62.45,22.8,29.72,62.27,6.67,64.99,blackgram
58.2,63.58,24.88,29.85,61.79,7.39,66.91,blackgram
51.29,79.59,15.5,25.97,67.2,6.78,62.76,blackgram
31.18,55.55,22.74,26.34,64.68,7.11,66.43,blackgram
30.81,74.59,15.11,32.62,68.93,6.93,68.03,blackgram
44.31,64.73,23.87,33.94,63.36,7.12,73.9,blackgram
58.86,67.72,19.53,27.79,69.59,6.64,68.7,blackgram
38.48,61.98,19.05,34.99,60.55,7.08,61.24,blackgram
34.64,65.99,20.1,27.59,63.16,6.59,64.55,blackgram
59.0,78.62,18.35,30.71,69.1,6.51,72.16,blackgram
58.45,57.28,16.61,34.61,65.38,6.51,63.86,blackgram
43.5,72.32,22.33,34.95,62.88,7.04,68.0,blackgram
42.17,59.23,24.77,33.53,64.98,7.1,63.41,blackgram
46.31,72.37,20.15,34.9,66.11,6.87,71.58,blackgram
35.11,64.61,18.47,29.32,67.82,6.98,71.91,blackgram
47.29,63.55,23.1,27.38,62.24,7.0,63.91,blackgram
30.27,71.21,20.11,29.46,69.67,7.07,72.95,blackgram
34.18,69.23,23.68,30.83,67.18,6.87,61.39,blackgram
43.74,64.86,23.67,27.44,69.67,7.46,63.71,blackgram
40.44,77.39,24.67,29.43,63.21,7.03,70.32,blackgram
38.2,73.41,15.52,25.49,63.86,6.85,64.73,blackgram
44.73,63.02,16.92,28.09,69.75,6.91,66.67,blackgram
47.3,79.58,17.42,31.81,67.16,7.11,61.33,blackgram
50.31,56.6,20.96,32.4,62.11,7.34,60.46,blackgram
55.31,66.51,17.18,26.34,69.53,6.57,62.99,blackgram
40.43,70.51,20.45,26.26,62.9,6.74,63.2,blackgram
42.33,72.6,17.17,28.67,63.91,7.48,74.32,blackgram
54.0,61.04,15.68,28.17,62.67,7.01,71.67,blackgram
55.75,76.12,18.6,31.87,63.13,6.56,70.52,blackgram
30.29,65.23,18.29,31.93,67.66,6.8,72.17,blackgram
38.82,66.16,22.27,31.93,69.87,6.73,69.93,blackgram
48.29,77.88,16.56,32.52,65.68,6.77,67.12,blackgram
40.01,69.48,23.89,30.69,66.32,7.02,60.77,blackgram
36.99,67.3,18.1,26.82,65.04,6.82,63.87,blackgram
43.92,58.33,24.28,33.68,67.08,6.61,71.64,blackgram
54.24,74.19,16.14,31.44,68.34,7.08,69.7,blackgram
43.75,68.22,15.34,31.39,60.81,6.94,64.39,blackgram
46.36,58.34,21.92,32.95,61.63,6.6,62.18,blackgram
56.31,68.2,19.67,26.07,66.5,7.37,72.42,blackgram
48.78,56.88,16.12,25.49,62.57,6.64,63.9,blackgram
41.55,78.57,21.1,33.35,67.1,6.61,71.04,blackgram
38.25,70.98,18.41,34.98,62.64,6.78,73.96,blackgram
30.74,72.42,22.25,33.36,69.74,7.48,60.98,blackgram
54.66,71.16,21.47,26.28,66.5,7.48,73.68,blackgram
43.17,56.0,18.62,33.26,67.01,6.96,60.83,blackgram
42.81,66.73,24.29,31.41,63.12,7.03,60.99,blackgram
59.18,64.0,19.78,28.55,66.83,7.16,70.73,blackgram
18.04,62.89,16.25,25.87,60.4,7.28,52.39,lentil
36.72,66.23,19.59,18.92,66.71,7.57,39.89,lentil
22.64,75.97,23.77,20.92,65.51,6.75,37.04,lentil
37.33,75.51,22.6,18.59,68.44,7.07,41.85,lentil
26.39,57.28,22.57,24.99,61.87,6.74,38.68,lentil
11.71,69.69,23.4,18.21,60.49,7.24,51.39,lentil
19.8,63.74,20.96,21.29,60.27,7.46,47.51,lentil
27.42,73.54,21.75,20.47,63.52,6.66,37.6,lentil
30.29,76.47,24.63,25.54,61.84,6.64,51.26,lentil
27.36,70.46,22.81,26.44,68.34,6.57,49.95,lentil
35.53,62.15,21.4,21.77,69.58,6.54,46.6,lentil
15.0,72.81,16.76,20.82,64.94,7.69,39.23,lentil
14.33,73.97,20.01,28.94,61.47,7.34,39.66,lentil
14.7,72.09,20.94,27.06,63.09,7.08,43.11,lentil
39.52,62.31,17.95,22.25,65.65,6.83,53.31,lentil
17.97,77.4,16.03,25.88,69.07,6.72,54.37,lentil
23.59,78.64,21.77,21.62,61.88,6.89,36.86,lentil
14.32,57.62,19.23,27.55,61.41,6.67,47.87,lentil
15.92,57.44,16.67,29.08,68.21,6.96,48.12,lentil
26.12,71.93,21.83,25.54,62.66,6.55,44.11,lentil
36.73,69.24,23.32,29.9,61.64,7.4,48.49,lentil
39.4,79.64,21.87,20.92,67.99,6.64,50.61,lentil
37.31,64.57,21.31,23.16,64.38,6.9,50.24,lentil
38.09,78.52,16.75,28.5,67.37,6.83,36.35,lentil
18.04,77.81,21.33,26.65,62.57,7.44,35.56,lentil
21.26,70.67,16.46,27.88,62.35,7.35,43.1,lentil
27.88,57.69,15.17,28.91,62.7,7.57,54.99,lentil
16.34,61.63,21.63,29.59,69.16,7.15,50.9,lentil
14.07,79.44,24.64,19.96,62.99,6.63,40.43,lentil
34.48,64.46,15.88,22.11,69.81,7.32,43.32,lentil
15.0,79.65,23.21,21.38,60.7,6.57,37.41,lentil
27.42,78.22,19.97,28.12,64.46,7.42,49.64,lentil
15.22,64.03,21.37,18.85,63.62,7.2,54.92,lentil
24.24,75.4,19.32,27.56,65.95,7.65,43.22,lentil
28.13,70.75,19.17,19.73,60.94,6.52,52.47,lentil
17.09,60.29,22.36,21.84,65.06,6.71,54.19,lentil
35.55,76.59,19.07,27.15,61.44,6.51,35.4,lentil
27.6,66.38,20.18,18.09,64.23,7.43,43.85,lentil
31.97,60.83,23.13,25.06,62.11,6.81,47.56,lentil
34.9,65.39,17.58,28.4,66.69,7.08,44.76,lentil
16.13,70.67,18.59,29.95,64.8,7.13,46.32,lentil
37.5,75.02,19.51,26.62,65.86,7.14,38.85,lentil
23.92,61.15,24.15,22.02,69.52,7.19,47.63,lentil
26.29,58.23,18.76,19.19,66.23,7.08,50.56,lentil
16.61,59.11,19.06,29.12,67.1,7.04,45.35,lentil
12.53,79.61,21.66,21.42,65.86,6.64,54.32,lentil
15.24,71.2,17.45,26.61,67.77,7.38,47.29,lentil
36.77,56.97,18.31,20.98,69.88,7.01,49.65,lentil
30.54,60.3,17.39,21.38,64.11,6.8,35.39,lentil
36.38,79.14,18.42,22.06,60.07,7.38,51.51,lentil
14.4,58.99,22.9,25.4,60.45,7.31,41.18,lentil
21.06,74.24,23.11,22.8,69.47,7.03,50.44,lentil
24.52,77.44,24.08,19.05,69.36,7.57,50.83,lentil
16.03,75.13,23.5,21.47,69.52,6.56,38.0,lentil
26.13,69.39,21.45,18.2,69.6,6.56,37.86,lentil
10.42,69.17,24.32,25.99,68.23,6.52,45.84,lentil
23.79,67.47,15.72,26.21,65.03,7.49,44.71,lentil
14.48,71.21,16.72,28.47,66.13,6.7,54.25,lentil
25.55,56.82,21.27,21.04,68.04,7.56,54.58,lentil
25.06,66.37,22.53,19.59,65.47,7.21,36.79,lentil
22.54,76.33,23.56,19.19,60.91,6.84,52.5,lentil
13.87,73.0,16.01,25.48,63.56,7.53,39.67,lentil
29.18,60.89,22.14,28.48,61.27,7.63,46.87,lentil
13.81,65.69,16.61,26.4,67.59,6.64,45.12,lentil
34.44,78.4,20.14,29.4,65.36,7.01,51.96,lentil
24.79,66.8,19.9,28.16,68.32,7.02,41.67,lentil
24.76,69.32,17.38,27.53,64.86,6.93,37.14,lentil
17.17,78.73,18.05,20.03,64.61,6.9,35.7,lentil
19.69,68.6,20.52,22.28,64.47,7.76,42.55,lentil
17.75,61.09,19.58,27.11,62.06,7.42,35.42,lentil
22.57,74.4,18.39,24.76,62.05,7.46,36.05,lentil
35.58,59.95,23.74,22.23,67.23,6.91,53.12,lentil
13.8,59.46,19.93,18.98,61.96,7.73,54.53,lentil
21.29,78.08,20.45,21.24,67.02,7.36,54.78,lentil
17.95,71.8,15.52,19.36,60.04,7.8,51.05,lentil
33.6,67.74,18.0,19.82,62.85,6.99,50.13,lentil
26.19,56.94,15.18,19.23,64.1,7.71,47.75,lentil
34.05,66.66,18.62,19.3,68.76,7.52,38.36,lentil
25.37,67.18,21.25,29.35,65.8,7.2,36.01,lentil
11.89,59.68,15.32,26.92,67.23,6.68,51.72,lentil
14.64,62.53,17.49,22.47,62.55,7.14,43.15,lentil
39.6,56.4,16.42,18.63,66.26,6.57,51.73,lentil
25.36,68.18,20.62,20.05,61.98,6.91,46.87,lentil
16.3,57.91,24.7,18.26,68.03,7.52,40.94,lentil
14.07,58.64,21.97,25.71,67.83,7.72,48.84,lentil
14.68,61.09,23.42,20.51,60.73,7.41,43.05,lentil
37.6,71.26,15.9,29.37,62.59,6.94,43.05,lentil
11.54,67.41,16.23,22.81,63.51,7.5,51.06,lentil
14.6,64.16,18.73,19.82,67.98,7.42,38.81,lentil
21.0,57.65,21.28,19.46,69.86,7.51,42.8,lentil
27.36,77.78,20.54,20.09,63.79,7.6,47.88,lentil
29.52,76.67,23.94,29.04,60.95,7.21,49.81,lentil
32.71,70.17,16.67,27.57,67.2,6.61,44.28,lentil
15.22,63.44,15.18,22.8,65.5,7.31,48.27,lentil
35.09,60.39,16.2,28.22,61.57,7.77,51.85,lentil
25.03,79.54,15.97,21.64,66.38,6.96,53.57,lentil
11.97,68.74,20.91,25.83,62.56,6.97,51.87,lentil
15.85,75.67,20.63,27.15,67.14,6.77,46.38,lentil
36.03,65.8,24.67,23.43,61.43,7.01,54.03,lentil
19.59,76.7,23.81,22.2,60.83,7.44,41.23,lentil
33.49,18.85,39.85,23.45,88.82,6.25,105.64,pomegranate
21.02,20.52,43.09,20.53,90.24,6.64,104.04,pomegranate
18.33,28.67,42.24,22.04,91.48,5.55,109.27,pomegranate
25.29,20.91,38.59,18.57,86.93,7.12,106.13,pomegranate
24.0,11.05,35.38,23.02,90.38,6.36,103.65,pomegranate
32.34,13.36,36.9,21.22,87.86,5.92,109.68,pomegranate
29.53,26.49,39.18,18.51,87.74,7.17,108.94,pomegranate
31.29,10.15,40.18,18.26,90.69,7.07,114.53,pomegranate
26.22,19.16,44.45,22.72,85.65,6.29,103.6,pomegranate
24.09,19.11,40.82,20.5,86.64,6.36,112.45,pomegranate
29.92,16.77,44.36,24.39,87.09,5.57,111.12,pomegranate
34.83,29.36,43.9,22.2,90.3,5.55,103.7,pomegranate
23.79,22.57,40.57,23.2,87.8,6.46,101.32,pomegranate
22.41,25.0,41.93,24.93,87.78,6.35,104.94,pomegranate
23.22,27.14,41.84,24.18,87.04,6.98,100.9,pomegranate
36.66,16.58,38.15,21.58,94.41,5.58,105.28,pomegranate
35.7,17.92,36.99,20.97,88.86,7.06,111.43,pomegranate
25.15,29.77,39.65,18.41,87.62,6.24,102.35,pomegranate
38.43,25.34,37.68,22.14,92.21,7.1,113.22,pomegranate
25.46,25.49,40.62,21.87,86.15,5.71,107.94,pomegranate
18.07,10.42,42.23,18.23,90.95,6.42,114.53,pomegranate
24.53,11.27,40.52,23.89,94.97,6.23,104.8,pomegranate
37.2,13.82,41.15,20.84,85.41,6.09,103.98,pomegranate
30.58,28.98,37.68,23.68,85.55,6.41,101.06,pomegranate
38.02,25.33,41.58,23.77,91.48,7.15,110.71,pomegranate
37.74,20.34,36.17,21.7,86.27,6.51,107.24,pomegranate
28.68,10.2,36.95,21.44,94.51,6.15,106.37,pomegranate
31.44,22.08,37.99,20.88,87.18,7.14,101.96,pomegranate
21.16,10.52,37.22,23.46,87.01,5.64,107.12,pomegranate
10.3,11.7,43.08,23.4,94.15,6.95,110.25,pomegranate
11.57,25.66,43.46,23.59,90.08,5.9,112.68,pomegranate
31.81,29.62,36.56,19.58,87.12,6.85,102.8,pomegranate
12.0,29.97,35.25,23.85,88.65,6.93,108.32,pomegranate
37.05,28.52,35.09,18.53,87.5,6.64,113.32,pomegranate
23.8,22.14,36.88,23.63,94.67,5.96,107.42,pomegranate
12.58,21.18,40.03,19.01,89.42,6.07,107.83,pomegranate
27.57,10.17,42.61,22.99,88.66,5.59,111.32,pomegranate
38.66,14.8,38.24,19.29,90.77,5.76,105.34,pomegranate
30.91,21.2,38.86,20.94,90.62,5.51,101.18,pomegranate
36.44,11.56,42.07,24.44,87.71,6.13,108.53,pomegranate
36.45,28.84,42.4,18.61,91.69,6.2,107.06,pomegranate
11.47,13.82,42.91,21.18,88.02,6.15,112.82,pomegranate
32.47,15.45,36.18,19.76,94.21,6.49,108.0,pomegranate
27.89,17.32,43.07,21.66,86.17,5.72,108.05,pomegranate
38.1,16.17,43.7,23.35,87.48,5.56,101.53,pomegranate
31.85,13.99,38.71,21.51,92.25,5.69,106.1,pomegranate
24.55,20.82,43.18,19.2,93.08,6.68,108.34,pomegranate
30.99,18.24,36.38,22.66,90.25,6.59,105.07,pomegranate
37.21,21.75,35.85,21.15,92.56,6.85,107.42,pomegranate
36.84,15.35,39.11,24.29,93.96,6.67,112.88,pomegranate
12.66,27.3,38.21,19.25,87.39,6.21,103.77,pomegranate
19.62,12.7,37.96,22.01,89.42,6.09,111.2,pomegranate
36.81,25.14,38.32,23.21,86.52,5.72,105.18,pomegranate
34.23,14.93,35.63,18.92,93.59,6.58,103.8,pomegranate
26.66,20.55,41.55,19.63,93.64,6.03,110.41,pomegranate
10.48,17.45,38.52,21.8,85.73,6.84,103.27,pomegranate
30.31,26.06,40.62,23.19,91.62,6.1,112.13,pomegranate
18.84,21.42,42.45,20.65,88.03,6.28,112.27,pomegranate
37.9,20.9,41.61,24.32,85.99,5.89,110.63,pomegranate
34.71,27.14,39.15,18.63,89.38,5.89,104.37,pomegranate
33.17,11.51,43.28,20.99,90.96,5.65,105.06,pomegranate
12.69,29.23,43.07,21.22,87.24,7.09,105.17,pomegranate
14.83,21.26,44.44,18.03,87.38,7.1,102.57,pomegranate
13.4,21.4,43.62,21.34,94.95,6.65,101.11,pomegranate
39.78,18.16,37.87,21.91,88.04,5.65,100.02,pomegranate
23.49,26.74,40.72,24.99,87.87,5.98,102.4,pomegranate
14.92,15.7,42.93,24.34,94.75,5.89,113.22,pomegranate
19.85,12.26,43.7,22.45,86.65,6.23,104.31,pomegranate
32.1,19.07,44.89,18.38,88.55,6.32,107.55,pomegranate
19.48,24.58,43.75,24.57,93.05,6.95,108.26,pomegranate
34.78,16.07,38.98,20.22,89.67,5.99,114.42,pomegranate
19.39,11.96,40.27,18.4,86.11,5.87,106.97,pomegranate
23.0,25.99,42.39,20.98,88.34,6.04,111.61,pomegranate
11.56,10.26,42.96,21.34,86.31,5.9,113.99,pomegranate
35.79,24.2,39.82,21.64,94.75,7.14,103.23,pomegranate
34.33,13.94,37.14,22.73,89.05,7.08,101.34,pomegranate
25.35,28.37,44.04,19.1,88.67,6.55,102.39,pomegranate
39.04,28.29,36.67,18.85,85.85,7.05,102.9,pomegranate
22.49,18.98,40.99,18.5,87.27,7.08,113.63,pomegranate
33.44,10.39,38.27,22.4,87.75,7.05,109.51,pomegranate
12.16,28.18,44.58,18.54,90.32,6.02,105.89,pomegranate
15.39,21.56,44.58,21.52,85.83,6.55,105.1,pomegranate
35.68,18.69,36.93,19.34,92.69,5.95,111.51,pomegranate
16.18,16.43,39.65,24.6,94.32,5.85,105.37,pomegranate
14.48,20.2,39.61,24.31,94.3,6.15,107.38,pomegranate
36.89,26.13,35.04,20.24,89.22,5.89,102.99,pomegranate
11.13,22.87,37.63,18.37,87.31,6.86,112.77,pomegranate
24.49,18.32,44.78,19.4,87.15,6.0,102.59,pomegranate
21.38,28.22,41.15,20.88,94.34,5.58,103.15,pomegranate
26.98,22.31,35.4,20.82,91.49,6.69,109.57,pomegranate
19.62,11.87,39.27,18.9,94.48,6.31,104.76,pomegranate
32.99,19.96,38.1,23.68,93.67,6.64,100.7,pomegranate
26.99,25.27,36.37,19.6,93.82,5.53,111.29,pomegranate
24.21,18.94,35.07,23.74,88.6,6.42,110.16,pomegranate
31.08,29.12,40.31,20.8,94.54,6.59,104.47,pomegranate
13.79,26.85,38.62,22.62,89.71,5.84,109.03,pomegranate
11.82,18.27,40.47,21.05,92.49,6.91,111.57,pomegranate
11.16,13.88,40.37,24.54,93.35,6.93,104.55,pomegranate
22.88,19.41,36.57,18.22,94.47,5.91,103.6,pomegranate
12.5,28.57,40.8,22.67,94.12,6.09,109.32,pomegranate
91.16,74.67,53.31,28.83,78.51,5.88,106.01,banana
90.01,76.03,47.08,26.25,83.06,5.78,95.75,banana
105.13,91.64,47.41,25.39,78.56,6.25,106.52,banana
114.5,93.99,52.93,28.02,79.93,5.54,119.53,banana
101.5,73.81,51.67,26.42,80.86,6.09,103.37,banana
115.08,76.62,49.49,27.69,81.64,6.28,101.84,banana
109.38,73.77,54.33,26.92,82.3,5.52,96.16,banana
104.61,91.96,50.27,29.65,79.84,5.99,93.59,banana
114.08,76.17,54.0,29.55,84.43,6.02,110.31,banana
113.36,73.28,51.01,25.17,79.98,5.65,95.49,banana
100.95,80.81,51.23,25.37,80.04,5.68,107.22,banana
109.12,83.92,52.38,26.68,82.65,5.93,104.53,banana
109.44,70.46,51.54,28.09,78.1,5.59,92.73,banana
117.7,87.23,46.27,26.78,80.92,6.34,91.31,banana
97.1,92.24,45.09,26.01,84.59,6.11,97.85,banana
92.01,70.7,47.45,29.41,79.16,6.22,117.55,banana
102.24,74.78,50.17,29.54,83.04,5.57,110.78,banana
107.16,92.69,46.22,27.67,83.79,5.91,104.46,banana
92.11,76.95,48.25,29.73,77.83,5.96,110.14,banana
94.87,82.16,52.39,29.33,81.26,6.17,93.79,banana
118.37,73.31,52.75,26.32,84.34,6.22,112.61,banana
96.57,81.08,51.18,28.85,76.04,6.46,116.71,banana
98.11,90.57,50.18,27.31,78.14,6.08,111.9,banana
102.33,85.73,51.99,28.56,75.52,6.36,103.75,banana
97.87,76.04,49.83,29.43,78.78,6.25,92.9,banana
104.28,94.79,52.7,26.05,80.01,5.73,102.29,banana
113.4,89.28,47.28,29.61,80.93,5.88,105.06,banana
108.15,84.0,49.86,27.52,76.76,6.31,106.25,banana
93.93,89.15,54.32,29.74,78.69,5.64,105.55,banana
93.38,93.35,46.84,26.26,79.07,5.88,113.84,banana
103.69,74.27,47.67,27.55,76.47,6.11,106.97,banana
111.44,93.44,54.12,29.73,77.45,5.63,99.07,banana
116.85,94.3,53.59,25.55,84.47,5.92,90.28,banana
103.27,71.15,50.44,26.69,79.73,6.11,116.06,banana
109.86,80.85,53.19,29.53,76.2,6.03,98.54,banana
91.41,86.71,53.63,25.81,83.12,6.35,117.43,banana
97.96,92.6,48.21,27.76,75.51,5.54,111.61,banana
103.33,76.41,46.9,28.35,75.0,6.31,92.38,banana
95.74,79.66,49.85,26.77,78.21,6.46,109.25,banana
90.7,80.75,53.75,26.51,75.95,6.26,108.18,banana
107.11,71.34,46.4,28.11,77.08,6.0,106.35,banana
98.51,93.71,53.42,28.61,75.78,5.61,104.78,banana
94.82,94.46,46.59,27.44,78.64,6.14,93.87,banana
102.91,76.87,53.88,25.2,84.14,6.33,98.93,banana
113.68,70.78,54.67,27.63,78.03,5.86,91.99,banana
119.68,70.98,51.55,27.21,84.49,5.75,105.96,banana
104.47,87.57,45.68,25.97,77.15,6.24,95.67,banana
107.2,75.38,53.62,29.71,80.18,5.85,97.02,banana
91.49,76.71,51.54,27.67,84.44,5.9,110.82,banana
104.68,82.81,47.68,27.27,79.71,6.21,118.22,banana
99.88,71.06,49.96,27.72,76.68,6.26,119.55,banana
118.37,74.93,53.75,28.52,79.54,6.04,115.49,banana
104.4,79.33,49.93,27.9,76.89,6.4,110.23,banana
109.0,72.49,51.04,25.6,75.79,6.03,102.08,banana
107.66,72.23,49.31,25.87,84.87,6.06,110.62,banana
99.76,72.37,54.76,26.43,79.24,6.15,90.74,banana
114.31,83.41,47.78,25.31,76.62,6.4,110.58,banana
97.5,71.64,51.91,27.86,79.05,5.86,96.5,banana
110.09,94.27,46.76,27.99,79.24,5.95,97.62,banana
114.75,82.13,50.43,26.52,76.82,5.59,111.42,banana
95.89,87.25,48.9,27.08,79.69,5.87,93.02,banana
99.29,86.59,51.66,26.43,79.6,5.69,96.31,banana
90.69,92.42,47.11,26.14,77.8,5.63,109.18,banana
92.25,73.36,51.45,26.7,82.08,6.06,97.68,banana
109.52,72.91,50.36,27.19,77.68,6.1,116.14,banana
119.97,85.19,49.05,26.13,77.57,5.98,101.02,banana
117.41,79.21,48.73,26.92,83.37,6.15,108.43,banana
100.02,90.45,45.38,29.35,80.13,5.9,104.92,banana
110.02,70.32,53.72,27.23,78.43,5.64,103.18,banana
104.89,80.09,51.79,27.1,84.61,6.1,114.22,banana
93.28,79.93,48.37,27.85,83.61,5.58,92.18,banana
115.51,75.32,51.69,27.71,83.33,5.63,93.89,banana
106.7,93.66,49.15,26.63,81.07,6.43,115.11,banana
119.86,70.56,46.13,28.05,83.21,5.79,97.18,banana
113.61,71.41,48.69,27.53,80.6,6.23,100.65,banana
108.38,84.63,50.48,28.2,77.59,5.58,93.58,banana
96.74,82.5,53.4,28.51,82.89,5.85,102.14,banana
101.81,74.8,45.61,27.95,84.89,5.67,91.4,banana
113.39,76.31,53.3,28.52,84.46,5.91,109.86,banana
103.95,85.76,49.5,25.94,80.08,6.03,114.32,banana
112.07,86.59,46.13,28.6,80.0,6.39,117.6,banana
91.65,90.52,45.38,26.84,80.42,5.65,112.39,banana
90.25,74.21,50.81,28.57,84.17,6.21,110.15,banana
101.83,70.03,46.2,27.67,81.75,5.92,111.92,banana
105.66,71.85,46.92,29.2,82.25,6.39,93.53,banana
119.71,75.24,45.12,29.99,77.81,6.17,95.3,banana
107.41,92.6,48.2,28.35,76.88,6.12,100.09,banana
96.34,77.83,46.79,29.51,78.97,5.75,103.45,banana
99.62,88.61,54.71,27.19,83.61,6.07,94.72,banana
110.72,82.84,51.51,29.45,79.4,6.4,112.52,banana
104.66,85.08,48.26,29.92,81.67,5.54,99.8,banana
108.7,71.41,45.24,27.25,78.33,5.94,97.88,banana
94.94,87.23,50.15,26.0,78.2,6.09,92.17,banana
94.42,71.83,53.12,28.76,82.53,6.22,110.08,banana
104.31,86.06,45.38,28.11,82.78,6.0,100.73,banana
98.32,86.07,51.93,29.35,78.42,6.27,106.84,banana
116.49,83.2,50.18,27.89,82.49,6.46,92.21,banana
91.6,93.44,50.3,28.07,79.82,5.59,113.04,banana
112.42,77.79,48.06,29.19,75.72,6.38,97.7,banana
107.79,93.4,51.78,27.07,81.9,5.84,98.32,banana
39.9,33.77,31.45,30.2,45.49,4.58,96.08,mango
32.86,28.43,33.41,27.3,48.67,5.09,93.95,mango
12.17,38.85,27.23,35.3,49.26,6.96,96.08,mango
37.92,15.13,32.48,35.13,46.4,4.74,93.49,mango
38.01,28.56,30.27,28.27,45.01,6.53,86.75,mango
29.02,37.87,27.09,32.99,45.79,6.01,88.28,mango
32.08,22.53,29.63,32.39,46.71,6.35,91.05,mango
29.87,18.96,31.88,28.15,49.25,5.12,99.97,mango
17.86,37.04,33.92,28.77,51.14,4.72,92.83,mango
31.4,31.49,31.25,29.54,48.78,4.76,99.38,mango
25.12,32.72,27.49,29.92,48.34,4.56,91.82,mango
34.1,37.43,30.18,31.1,45.31,6.7,85.26,mango
38.34,27.23,28.42,35.32,45.24,5.95,95.98,mango
16.58,25.72,31.52,33.54,45.01,6.84,88.29,mango
17.01,21.59,25.38,28.11,54.86,5.29,87.31,mango
13.21,32.99,33.55,29.31,45.21,5.06,86.13,mango
13.1,25.79,27.3,31.64,47.53,6.85,103.12,mango
27.0,23.86,28.81,30.71,52.28,5.63,102.13,mango
38.32,23.4,30.61,27.86,47.0,5.53,89.12,mango
36.3,18.96,29.56,32.45,51.92,5.46,102.38,mango
27.05,25.99,25.67,31.18,53.21,6.04,101.64,mango
24.82,17.96,25.14,29.73,51.98,6.48,90.92,mango
24.87,25.53,29.11,29.08,46.36,4.99,86.11,mango
15.94,15.23,31.27,29.85,54.73,4.98,91.92,mango
20.74,15.21,33.39,27.29,54.4,6.73,95.71,mango
26.31,31.34,28.87,32.83,45.45,4.64,94.14,mango
26.49,37.2,26.05,34.4,47.1,5.49,91.33,mango
22.0,18.76,30.04,34.21,49.42,5.73,101.98,mango
31.18,27.26,27.58,34.96,50.77,5.05,90.38,mango
34.09,16.1,34.92,28.17,52.96,5.49,94.84,mango
36.42,25.32,30.37,27.44,45.02,5.11,98.61,mango
13.64,17.84,29.11,32.83,52.12,4.95,86.59,mango
38.21,21.52,33.53,34.77,52.73,4.92,101.44,mango
33.08,29.92,28.37,29.36,46.22,5.77,96.71,mango
20.78,26.88,28.64,32.77,54.01,4.91,92.63,mango
14.23,30.62,32.29,35.39,47.79,6.88,86.27,mango
28.09,16.43,33.94,31.77,51.69,6.58,88.01,mango
11.16,36.97,28.15,28.16,49.68,6.0,85.62,mango
18.25,15.82,29.2,35.06,54.83,6.09,88.23,mango
37.18,27.91,26.54,35.3,52.57,6.33,99.18,mango
16.01,20.28,31.88,28.98,49.39,6.46,100.68,mango
23.6,34.8,33.39,32.89,47.28,5.19,91.3,mango
13.5,21.83,27.1,31.1,54.08,4.76,99.41,mango
30.62,17.39,34.23,32.12,48.64,6.39,90.15,mango
30.81,15.99,33.39,31.03,51.37,5.05,98.54,mango
33.17,26.83,31.18,31.11,53.94,5.74,101.84,mango
34.04,25.26,27.3,30.65,53.26,5.07,95.49,mango
34.18,23.84,31.42,29.21,46.09,6.49,86.98,mango
18.14,36.38,28.46,35.76,54.8,5.17,85.82,mango
31.15,26.27,26.01,33.37,45.31,6.68,87.77,mango
13.82,19.39,34.6,33.24,53.01,5.49,91.73,mango
17.03,27.02,30.52,32.69,47.57,6.87,88.4,mango
38.97,15.37,29.81,30.0,49.49,5.93,93.71,mango
22.45,33.32,31.86,34.5,47.5,6.02,96.7,mango
21.09,27.15,28.14,28.28,47.14,4.76,98.66,mango
29.82,38.77,32.3,27.47,53.84,6.66,93.87,mango
27.58,39.4,30.32,35.15,45.83,4.98,93.82,mango
27.54,35.41,34.88,30.5,45.47,6.5,97.09,mango
15.96,27.37,32.42,33.93,50.0,5.26,104.47,mango
29.9,25.21,27.8,33.58,47.42,4.93,95.6,mango
18.7,30.72,26.18,32.89,47.83,4.5,87.54,mango
38.01,36.68,27.34,34.01,51.09,6.93,92.47,mango
30.44,16.59,28.96,35.67,50.39,5.22,87.41,mango
31.11,31.12,28.74,35.56,45.22,5.26,103.42,mango
19.63,21.31,30.34,34.41,46.03,6.86,100.9,mango
15.44,32.8,28.85,30.62,52.83,6.91,87.53,mango
22.62,27.02,28.76,30.27,45.52,6.21,93.72,mango
15.84,35.4,33.03,31.38,47.98,6.1,90.76,mango
17.08,33.26,25.4,27.85,45.07,4.88,86.38,mango
39.87,22.22,26.49,29.17,54.36,5.8,92.3,mango
36.2,24.87,28.35,28.87,48.78,5.29,98.55,mango
18.69,29.43,25.66,28.72,49.07,6.84,92.55,mango
29.92,21.38,26.27,27.53,48.05,4.89,88.48,mango
32.82,15.4,30.58,30.42,50.07,5.91,91.27,mango
18.85,33.34,33.71,28.73,45.98,6.74,92.0,mango
26.54,23.99,26.26,32.3,50.25,5.01,94.04,mango
33.91,29.76,25.97,31.93,52.03,6.48,97.58,mango
14.58,32.75,31.77,27.22,49.12,5.33,98.39,mango
16.48,29.77,34.13,34.18,54.21,6.95,85.21,mango
28.68,25.32,33.6,29.27,54.81,6.03,100.87,mango
12.57,19.59,32.58,27.2,53.17,4.53,98.14,mango
20.95,30.29,31.96,30.08,46.08,4.67,96.78,mango
25.62,33.56,30.1,30.8,48.98,4.57,91.71,mango
39.28,36.84,28.29,32.29,53.47,5.6,85.36,mango
12.24,27.76,34.69,33.24,45.71,4.97,100.43,mango
35.24,30.44,31.44,27.26,53.29,6.47,90.18,mango
31.26,20.37,25.4,28.81,46.79,5.34,93.37,mango
25.26,26.92,27.71,27.26,51.05,5.49,90.97,mango
36.01,33.67,33.58,31.45,46.31,6.24,89.12,mango
23.24,16.63,33.25,28.13,54.03,6.66,94.29,mango
32.33,30.49,33.03,30.89,52.86,5.66,103.82,mango
24.59,26.57,32.85,34.39,50.54,4.95,94.36,mango
39.04,33.82,33.11,27.3,49.68,6.12,101.6,mango
11.48,36.31,30.48,28.78,48.17,5.2,95.62,mango
11.55,18.96,33.13,28.19,47.33,5.63,95.34,mango
32.91,26.18,32.9,32.57,46.13,4.89,93.74,mango
21.91,33.59,30.81,30.49,46.71,5.07,96.51,mango
22.7,27.87,26.71,32.97,53.53,5.14,94.83,mango
39.27,23.33,30.95,27.81,51.06,4.72,104.18,mango
31.47,34.7,32.04,32.31,49.5,6.65,104.14,mango
24.97,143.29,200.83,26.31,82.27,5.71,65.04,grapes
17.25,132.74,198.8,23.25,84.9,5.85,69.52,grapes
14.01,121.2,202.75,27.4,83.8,5.65,70.72,grapes
17.61,125.7,195.12,12.43,81.55,5.62,74.86,grapes
19.26,123.26,196.99,27.98,80.32,6.36,74.61,grapes
17.4,131.25,195.22,29.78,82.07,5.77,67.07,grapes
29.62,130.41,196.8,31.43,82.83,6.36,66.17,grapes
33.57,136.84,196.15,31.62,82.21,6.44,66.42,grapes
29.29,129.55,204.57,19.22,84.81,6.4,67.7,grapes
34.11,144.89,197.53,22.85,82.6,5.79,65.15,grapes
16.6,127.05,199.44,13.82,84.37,6.2,65.85,grapes
29.5,136.34,204.56,8.1,81.24,6.43,74.32,grapes
31.62,139.14,195.91,25.47,81.16,5.68,73.1,grapes
14.05,131.72,204.39,14.32,84.89,6.49,70.56,grapes
15.1,127.9,199.24,18.52,81.4,6.47,66.53,grapes
32.0,120.01,200.96,39.14,81.44,5.69,71.52,grapes
31.38,137.2,198.19,16.57,84.78,6.42,69.57,grapes
35.39,131.31,199.24,13.33,82.13,6.04,65.23,grapes
23.32,139.53,201.8,29.6,84.55,5.52,70.57,grapes
33.62,133.53,198.24,12.63,84.44,5.97,73.78,grapes
27.58,136.85,203.04,30.41,81.99,6.01,73.03,grapes
21.21,129.7,195.96,39.1,80.46,6.15,69.13,grapes
22.17,136.99,195.67,28.19,83.86,6.33,66.71,grapes
36.92,136.4,203.82,24.5,82.71,6.42,74.0,grapes
23.44,126.86,198.93,21.18,81.43,5.77,73.61,grapes
12.1,136.94,196.73,19.71,80.31,5.77,72.68,grapes
36.55,125.54,199.64,23.99,84.37,6.26,70.13,grapes
30.12,141.18,195.1,21.7,84.54,6.24,70.43,grapes
25.89,128.69,200.21,30.28,82.09,6.21,73.61,grapes
14.64,131.29,199.08,31.37,81.25,6.14,73.77,grapes
22.54,142.78,204.93,11.61,81.17,6.45,74.58,grapes
12.93,120.37,196.61,41.86,80.9,6.0,73.48,grapes
10.61,135.11,197.77,37.32,81.42,6.19,71.74,grapes
16.64,120.87,199.09,17.83,84.04,6.3,69.57,grapes
28.2,135.11,203.27,22.45,81.38,5.77,70.36,grapes
23.47,131.0,195.91,32.43,81.07,5.7,69.13,grapes
16.83,134.6,198.71,23.26,82.69,5.7,66.56,grapes
36.41,130.84,199.12,9.21,82.49,6.05,70.59,grapes
31.21,124.44,197.52,35.56,84.74,5.64,69.98,grapes
16.43,121.5,198.26,12.89,83.55,6.03,66.44,grapes
10.28,140.2,196.76,28.61,81.68,6.09,68.16,grapes
12.61,125.57,196.88,22.55,83.29,5.76,65.12,grapes
25.57,135.14,204.63,28.04,82.36,6.07,74.28,grapes
34.85,128.07,197.37,16.93,82.52,6.24,70.03,grapes
12.03,138.09,203.06,17.84,83.32,5.93,73.89,grapes
35.36,133.14,201.92,38.03,82.48,5.81,72.54,grapes
16.6,129.71,203.66,32.63,82.02,5.71,68.56,grapes
18.52,124.4,202.43,16.57,82.27,5.89,74.82,grapes
21.73,122.0,195.9,28.09,83.0,5.92,69.32,grapes
11.62,132.91,200.05,13.08,80.52,5.62,66.01,grapes
28.29,124.91,197.51,13.9,84.79,6.35,67.3,grapes
19.83,125.25,199.92,8.67,83.36,6.02,73.99,grapes
14.93,140.1,202.92,12.32,81.99,5.67,67.55,grapes
17.9,133.91,199.11,40.22,80.63,6.47,67.31,grapes
33.19,128.47,196.43,37.17,81.54,6.16,70.66,grapes
24.15,132.4,202.32,10.98,83.34,6.4,65.58,grapes
14.22,137.92,199.37,21.72,80.68,6.01,66.27,grapes
24.3,139.09,197.58,24.35,84.96,6.19,73.41,grapes
22.45,139.2,195.41,12.18,81.02,5.9,73.46,grapes
20.39,136.37,202.09,27.93,81.79,6.08,68.42,grapes
12.52,144.82,196.27,10.46,84.39,5.8,71.5,grapes
19.87,129.79,197.62,19.66,82.05,6.22,70.12,grapes
38.31,121.05,200.03,27.86,84.6,5.55,70.73,grapes
35.61,126.05,203.76,8.65,83.66,6.43,71.57,grapes
23.17,121.12,204.2,23.99,80.14,6.19,69.82,grapes
13.73,125.36,195.64,27.53,83.11,6.01,73.17,grapes
35.83,135.39,195.13,31.64,82.09,6.07,71.49,grapes
20.51,142.93,196.34,30.83,80.02,6.42,66.13,grapes
12.85,128.33,198.74,15.29,82.93,5.94,65.34,grapes
19.59,140.26,201.9,32.65,83.49,5.81,66.0,grapes
18.17,140.79,204.8,24.79,80.05,5.64,68.22,grapes
27.36,121.88,204.43,20.41,84.56,6.28,72.55,grapes
28.2,135.67,201.38,29.38,82.77,6.49,72.32,grapes
33.31,141.81,197.16,10.85,82.41,6.01,73.29,grapes
23.31,134.27,200.27,9.3,83.08,6.33,66.58,grapes
27.83,134.84,196.64,12.2,84.9,5.89,67.27,grapes
15.14,136.69,201.09,29.88,80.44,6.39,68.89,grapes
19.4,131.56,198.9,37.36,84.65,5.8,73.64,grapes
33.45,143.27,197.46,27.62,81.37,6.32,65.05,grapes
26.94,128.48,198.23,29.93,84.26,6.11,73.53,grapes
17.94,132.99,199.51,8.4,82.78,6.16,70.92,grapes
32.09,134.28,195.67,11.96,82.98,5.77,65.8,grapes
22.89,133.86,198.29,32.49,83.22,5.83,72.55,grapes
29.46,135.94,200.53,8.39,83.48,5.88,74.43,grapes
34.54,134.69,197.52,14.93,81.7,5.98,67.96,grapes
25.45,124.13,204.78,11.67,84.66,6.41,70.25,grapes
31.75,130.9,201.3,19.58,81.51,6.08,69.98,grapes
27.39,127.17,198.67,10.85,80.26,5.75,65.74,grapes
13.11,140.32,195.39,30.4,81.36,6.37,69.85,grapes
19.17,132.94,198.82,27.19,80.57,6.5,69.26,grapes
20.45,137.76,198.64,36.33,82.27,6.22,66.07,grapes
35.38,138.39,197.12,12.94,81.58,6.48,67.57,grapes
23.68,120.75,198.97,27.42,84.77,6.02,73.19,grapes
26.41,121.02,198.15,27.57,84.75,6.36,67.28,grapes
16.6,125.03,204.22,36.99,83.87,5.89,70.04,grapes
23.93,126.33,200.05,9.04,80.66,6.39,72.52,grapes
22.69,132.93,198.7,33.19,83.92,6.26,72.23,grapes
16.14,128.45,199.7,19.25,83.77,5.83,66.38,grapes
21.97,144.5,197.26,28.81,82.16,5.57,69.88,grapes
31.06,132.83,203.72,17.82,80.43,6.44,68.78,grapes
103.06,24.8,48.24,26.15,81.35,6.29,42.89,watermelon
112.45,10.57,52.17,26.83,85.28,6.54,49.22,watermelon
93.04,16.89,51.03,26.96,89.38,6.86,57.78,watermelon
98.71,21.44,53.95,25.18,89.62,6.42,52.02,watermelon
108.39,28.76,47.45,26.24,85.21,6.27,55.53,watermelon
102.09,21.52,48.23,25.44,86.17,6.4,43.97,watermelon
118.47,17.79,52.34,25.23,83.55,6.41,48.18,watermelon
101.77,18.59,49.97,24.4,84.96,6.17,42.52,watermelon
117.31,20.12,51.59,25.21,89.09,6.64,55.38,watermelon
94.74,29.0,53.2,26.56,81.72,6.27,45.71,watermelon
90.84,26.39,45.32,24.23,82.74,6.2,44.64,watermelon
111.92,19.08,45.06,25.29,84.08,6.11,53.52,watermelon
108.08,23.02,52.28,24.0,89.54,6.81,58.08,watermelon
80.63,28.35,53.1,26.51,80.93,6.74,59.2,watermelon
107.14,19.26,54.46,25.33,85.99,6.48,58.66,watermelon
83.04,17.53,51.87,26.38,85.83,6.91,58.84,watermelon
82.57,15.06,45.23,24.99,85.37,6.91,56.93,watermelon
85.1,7.33,50.89,25.6,82.66,6.9,58.55,watermelon
96.1,27.26,48.84,26.21,84.76,6.12,58.56,watermelon
98.16,23.36,48.67,24.06,81.01,6.5,53.8,watermelon
93.39,22.39,51.99,26.11,84.93,6.91,49.78,watermelon
98.01,9.98,48.08,24.13,86.34,6.25,46.08,watermelon
110.83,13.18,47.42,24.51,87.75,6.13,49.08,watermelon
100.28,22.18,51.33,26.43,80.45,6.3,45.6,watermelon
85.84,12.23,48.1,25.57,86.64,6.38,54.39,watermelon
93.45,12.26,50.41,24.07,80.8,6.42,58.86,watermelon
108.86,7.2,53.46,26.2,86.11,6.82,48.08,watermelon
88.86,17.8,50.49,25.61,85.65,6.95,58.04,watermelon
115.03,25.04,54.43,24.3,82.65,6.5,56.93,watermelon
100.21,23.7,46.39,24.76,87.32,6.16,47.03,watermelon
90.59,13.75,52.08,25.1,85.55,6.1,56.1,watermelon
94.8,21.21,52.25,24.63,88.85,6.62,48.57,watermelon
87.29,28.56,52.55,24.62,83.38,6.81,53.91,watermelon
110.63,16.03,52.16,25.16,82.11,6.63,59.52,watermelon
92.42,16.52,51.74,25.62,88.43,6.76,41.17,watermelon
119.94,23.81,53.64,25.95,88.56,6.11,46.95,watermelon
115.06,10.04,45.78,26.36,88.35,6.16,57.09,watermelon
107.47,18.0,53.3,25.26,81.94,6.28,50.1,watermelon
101.25,25.14,52.91,25.74,87.81,6.19,41.0,watermelon
114.95,6.89,47.47,26.09,84.09,6.88,45.96,watermelon
80.47,12.52,50.78,25.13,85.35,6.88,58.25,watermelon
90.64,16.55,50.49,26.85,89.99,6.24,54.54,watermelon
95.12,5.2,45.09,25.38,84.88,6.02,53.74,watermelon
91.76,19.0,48.01,24.5,84.07,6.23,50.7,watermelon
87.95,17.71,46.57,26.01,87.54,6.11,49.36,watermelon
82.83,19.95,47.64,25.58,85.17,6.92,50.98,watermelon
103.32,15.04,54.49,26.33,82.85,6.84,48.65,watermelon
113.15,25.57,46.89,26.1,82.91,6.3,45.93,watermelon
109.02,10.75,45.01,26.15,81.71,6.1,44.75,watermelon
95.2,16.9,45.45,26.91,87.16,6.32,46.37,watermelon
97.94,20.66,46.46,24.57,88.59,6.26,47.6,watermelon
114.85,21.58,48.42,26.05,80.2,6.74,49.74,watermelon
112.53,28.87,54.26,26.73,85.12,6.36,49.3,watermelon
107.6,27.1,47.07,26.75,88.15,6.98,57.61,watermelon
91.2,7.65,46.12,24.87,86.14,6.8,57.99,watermelon
104.95,5.14,46.86,24.3,83.63,6.5,40.87,watermelon
93.94,9.48,51.47,25.39,84.95,6.43,59.12,watermelon
88.59,17.92,52.36,25.67,89.29,6.38,49.27,watermelon
83.54,20.22,47.88,24.48,85.45,6.53,41.52,watermelon
107.93,20.59,46.89,25.41,87.2,6.53,47.91,watermelon
92.89,20.26,54.39,26.02,80.75,6.46,57.82,watermelon
83.78,29.72,54.49,24.23,89.33,6.36,56.89,watermelon
96.74,16.02,51.34,26.32,80.34,6.59,43.73,watermelon
93.84,13.7,49.69,25.0,81.07,6.15,40.67,watermelon
98.81,28.86,46.16,26.84,87.33,6.64,52.91,watermelon
113.07,7.67,50.05,26.09,85.87,6.83,41.45,watermelon
107.63,18.35,48.79,25.02,86.21,6.89,49.92,watermelon
112.99,15.05,46.02,24.18,80.51,6.38,46.74,watermelon
108.72,23.57,45.51,24.66,82.74,6.55,42.89,watermelon
85.36,28.59,53.04,24.54,84.07,6.36,55.82,watermelon
100.41,8.2,52.39,25.19,82.63,6.38,49.96,watermelon
93.72,11.05,48.99,24.06,87.72,6.17,40.88,watermelon
106.15,24.35,53.14,25.48,82.05,6.74,53.99,watermelon
89.85,27.59,46.04,26.95,88.6,6.69,58.77,watermelon
108.89,9.76,49.42,24.21,83.9,6.74,47.73,watermelon
93.21,19.88,53.72,24.14,83.85,6.16,53.91,watermelon
84.23,21.62,47.86,24.6,89.36,6.02,48.76,watermelon
80.87,17.09,50.01,24.96,81.32,6.38,53.45,watermelon
111.3,18.27,50.9,24.6,82.87,6.16,44.99,watermelon
89.0,17.99,50.63,26.83,81.96,6.64,56.35,watermelon
102.41,11.38,47.63,24.12,83.05,6.74,40.95,watermelon
88.77,22.66,52.83,25.37,86.98,6.39,43.2,watermelon
95.93,19.5,54.48,24.21,85.07,6.33,50.17,watermelon
80.96,12.83,53.2,25.66,84.51,6.29,45.96,watermelon
95.32,25.89,54.67,25.32,83.93,6.85,48.54,watermelon
102.08,10.77,52.44,25.6,88.09,6.78,44.3,watermelon
108.63,25.0,48.46,24.52,80.03,6.45,47.05,watermelon
102.2,9.7,53.6,24.77,82.26,6.48,49.98,watermelon
88.6,11.8,46.7,26.16,87.7,6.46,54.28,watermelon
109.44,8.46,54.66,26.46,82.04,6.19,42.51,watermelon
85.54,23.7,49.7,26.35,87.46,6.6,53.73,watermelon
80.73,12.79,51.38,24.03,80.33,6.85,53.68,watermelon
90.61,22.2,52.92,24.92,80.36,6.93,46.9,watermelon
84.26,17.3,52.68,24.66,82.69,6.24,59.83,watermelon
87.9,19.39,54.25,24.44,89.71,6.95,57.69,watermelon
88.58,20.85,52.61,26.96,81.8,6.77,46.78,watermelon
87.03,15.53,52.94,25.39,85.38,7.0,47.98,watermelon
104.62,14.13,48.93,26.09,89.38,6.54,55.37,watermelon
83.57,10.28,50.02,24.06,82.53,6.52,40.3,watermelon
90.58,17.85,50.73,26.78,86.45,6.41,58.61,watermelon
111.4,10.0,46.31,29.03,92.8,6.63,27.39,muskmelon
105.01,29.66,50.34,27.34,94.14,6.2,27.77,muskmelon
118.28,22.42,50.96,28.38,91.82,6.28,26.36,muskmelon
110.05,21.96,46.98,28.48,93.96,6.38,25.37,muskmelon
110.85,21.53,49.09,29.69,90.81,6.8,21.19,muskmelon
80.6,27.25,47.45,29.19,94.06,6.69,29.92,muskmelon
91.76,22.76,46.15,28.22,94.24,6.29,25.91,muskmelon
100.15,21.15,54.73,27.17,92.87,6.69,24.81,muskmelon
83.14,19.01,48.32,27.46,94.25,6.42,29.33,muskmelon
112.24,22.32,45.05,28.28,90.99,6.73,21.75,muskmelon
91.44,17.92,47.63,27.63,93.0,6.07,20.58,muskmelon
94.89,23.02,50.55,28.27,92.83,6.29,29.36,muskmelon
82.2,21.83,53.91,29.41,90.92,6.24,27.17,muskmelon
83.37,25.3,52.19,29.19,90.5,6.57,26.8,muskmelon
113.24,6.04,45.23,28.12,90.74,6.45,29.17,muskmelon
95.66,26.12,45.0,27.51,90.15,6.26,29.08,muskmelon
83.88,20.16,49.51,29.82,90.61,6.17,20.3,muskmelon
97.36,11.95,53.7,28.81,93.07,6.43,20.92,muskmelon
97.8,29.99,53.35,29.68,94.12,6.08,22.27,muskmelon
80.12,12.59,46.09,28.42,93.39,6.7,27.49,muskmelon
117.54,6.35,45.12,28.98,91.45,6.2,23.31,muskmelon
90.79,17.79,49.4,28.54,93.36,6.31,22.51,muskmelon
86.65,13.74,52.42,29.27,93.33,6.19,25.88,muskmelon
102.83,17.11,50.5,28.48,92.83,6.57,21.1,muskmelon
109.99,8.4,45.67,29.93,94.78,6.05,24.43,muskmelon
87.45,17.13,53.3,29.85,93.17,6.28,26.03,muskmelon
92.48,27.75,53.7,28.67,91.62,6.23,20.33,muskmelon
112.63,16.26,48.25,28.41,94.09,6.1,28.58,muskmelon
115.9,28.67,48.97,27.65,91.87,6.27,21.76,muskmelon
104.29,16.92,53.66,27.1,93.22,6.61,27.59,muskmelon
115.44,23.23,54.28,28.0,92.52,6.01,20.07,muskmelon
89.61,7.52,47.6,27.53,90.14,6.73,20.08,muskmelon
109.44,8.8,54.12,29.68,93.27,6.54,20.05,muskmelon
119.39,26.95,53.95,28.98,91.72,6.71,22.92,muskmelon
102.51,7.49,54.22,27.42,91.12,6.45,27.64,muskmelon
104.77,10.8,45.01,29.27,94.93,6.65,24.6,muskmelon
116.15,15.25,50.25,28.43,92.24,6.62,25.27,muskmelon
92.67,11.45,45.38,28.75,91.15,6.12,26.54,muskmelon
107.25,23.8,50.04,29.68,94.68,6.65,26.36,muskmelon
92.15,29.57,47.74,27.61,92.21,6.05,29.78,muskmelon
103.54,18.92,51.56,28.49,90.16,6.49,27.16,muskmelon
96.67,23.93,47.27,27.66,90.81,6.3,28.47,muskmelon
113.12,14.57,50.89,29.16,91.21,6.13,29.72,muskmelon
104.7,29.54,48.38,29.11,91.11,6.21,25.12,muskmelon
92.78,9.19,47.63,27.11,93.52,6.39,20.94,muskmelon
86.87,7.56,51.13,27.28,93.77,6.02,22.49,muskmelon
115.63,22.96,45.73,29.46,92.47,6.68,26.01,muskmelon
107.27,29.84,47.32,28.87,92.3,6.03,20.14,muskmelon
84.77,21.23,50.67,28.66,90.16,6.38,29.25,muskmelon
95.9,20.62,52.8,29.35,92.6,6.69,23.91,muskmelon
115.55,11.01,47.8,27.16,93.98,6.33,22.29,muskmelon
89.27,27.53,53.34,28.66,93.08,6.38,23.92,muskmelon
116.62,8.14,49.18,28.03,92.49,6.37,25.19,muskmelon
85.6,17.83,47.42,27.55,90.32,6.61,24.27,muskmelon
105.07,23.19,51.79,28.41,91.94,6.3,26.4,muskmelon
99.79,26.23,53.75,27.51,90.68,6.5,23.01,muskmelon
80.74,27.22,47.27,29.79,93.59,6.61,22.01,muskmelon
89.37,18.03,46.72,27.92,91.61,6.13,22.05,muskmelon
111.54,9.18,45.28,28.89,94.88,6.26,21.19,muskmelon
102.82,27.66,52.84,28.87,91.58,6.43,20.91,muskmelon
107.16,23.13,54.65,27.78,90.09,6.44,27.07,muskmelon
111.62,9.84,47.62,28.54,91.65,6.69,24.74,muskmelon
111.98,19.52,52.73,28.0,94.16,6.22,25.46,muskmelon
88.56,16.89,48.18,27.8,94.83,6.13,27.87,muskmelon
119.37,5.5,51.99,27.76,90.2,6.32,29.35,muskmelon
80.47,19.7,50.01,29.62,90.42,6.55,26.8,muskmelon
106.76,28.56,53.23,27.13,92.36,6.32,23.1,muskmelon
98.05,14.6,49.32,29.94,90.44,6.74,24.8,muskmelon
104.95,25.75,48.6,28.29,92.05,6.3,29.26,muskmelon
113.16,7.72,46.08,28.28,90.49,6.5,21.44,muskmelon
100.89,5.18,48.17,29.03,92.42,6.78,28.74,muskmelon
94.36,6.14,53.46,29.73,94.1,6.1,29.98,muskmelon
90.34,23.11,54.08,27.71,94.54,6.25,29.76,muskmelon
91.25,28.84,45.54,29.13,92.66,6.38,22.23,muskmelon
108.22,9.77,50.53,27.76,94.78,6.02,22.0,muskmelon
89.69,15.35,47.33,28.47,94.36,6.57,25.8,muskmelon
83.56,22.35,46.66,29.36,91.25,6.33,23.5,muskmelon
114.35,8.16,50.66,27.43,93.52,6.72,24.35,muskmelon
99.52,28.19,50.21,28.46,92.89,6.55,21.07,muskmelon
112.84,15.89,45.72,29.36,91.88,6.08,26.34,muskmelon
115.21,27.19,54.58,29.6,90.01,6.3,28.19,muskmelon
94.65,20.04,51.06,28.1,94.52,6.4,24.65,muskmelon
119.9,17.34,46.78,28.54,94.07,6.62,27.89,muskmelon
108.32,11.36,53.62,29.68,90.97,6.1,29.76,muskmelon
114.73,27.33,53.86,28.63,93.23,6.44,20.51,muskmelon
109.82,17.63,51.48,28.51,92.46,6.14,22.79,muskmelon
86.35,9.89,54.73,27.46,91.35,6.47,26.1,muskmelon
86.16,24.84,52.85,27.71,91.44,6.75,28.26,muskmelon
107.91,7.06,49.18,28.68,90.94,6.36,26.01,muskmelon
93.1,24.52,53.4,27.97,94.19,6.08,28.38,muskmelon
86.11,7.07,51.42,28.42,94.54,6.29,22.87,muskmelon
100.03,16.4,48.44,29.08,93.8,6.68,29.73,muskmelon
90.67,22.9,48.94,29.03,92.38,6.8,27.29,muskmelon
118.1,25.87,54.03,29.44,92.3,6.2,23.7,muskmelon
80.81,18.1,50.05,28.58,94.87,6.73,21.62,muskmelon
94.76,15.6,48.61,29.4,92.62,6.46,28.53,muskmelon
112.24,8.31,52.14,28.31,91.47,6.04,24.87,muskmelon
94.22,11.29,51.95,29.31,91.22,6.04,28.49,muskmelon
80.4,28.43,51.28,27.97,91.23,6.01,22.35,muskmelon
85.51,20.3,46.67,28.59,92.95,6.24,20.35,muskmelon
11.12,120.66,202.39,21.95,93.98,5.93,111.32,apple
25.39,137.83,197.74,21.36,92.78,5.83,111.06,apple
29.41,132.35,201.2,22.63,93.7,6.21,113.35,apple
30.37,141.84,199.32,22.24,93.82,6.08,101.78,apple
36.76,120.77,202.48,23.28,94.77,5.55,114.92,apple
22.84,128.27,195.9,22.69,92.4,5.6,115.31,apple
32.14,139.18,204.05,22.23,94.77,6.37,107.41,apple
14.78,130.88,199.02,22.73,92.92,6.25,112.75,apple
13.14,141.46,198.1,23.91,90.59,6.46,102.28,apple
16.93,121.16,202.05,23.55,92.17,6.43,114.76,apple
28.9,141.14,197.97,22.06,94.53,6.4,124.41,apple
37.06,123.18,203.24,22.23,94.95,5.97,113.85,apple
25.89,128.04,195.75,23.69,94.01,5.64,119.42,apple
28.78,130.23,197.54,23.58,93.5,6.05,115.24,apple
12.73,131.85,196.94,21.63,93.31,6.41,110.09,apple
16.23,136.22,203.71,23.24,94.34,6.04,118.8,apple
14.2,128.71,198.9,22.53,94.65,6.37,103.36,apple
15.18,128.94,197.91,22.84,94.51,6.46,116.34,apple
35.14,133.13,197.08,22.57,92.78,6.24,105.5,apple
21.05,129.1,204.59,22.33,93.78,6.25,106.64,apple
27.16,142.36,199.75,23.84,91.07,5.57,122.29,apple
35.43,144.81,201.79,23.81,94.13,6.34,114.23,apple
21.47,143.36,199.32,22.62,92.23,6.06,111.76,apple
11.44,142.05,199.44,22.77,90.7,5.5,106.13,apple
31.14,122.48,204.09,21.65,91.02,5.68,100.35,apple
33.15,141.88,201.14,21.56,91.43,5.98,123.86,apple
17.42,138.29,199.39,21.89,92.28,5.57,119.97,apple
17.3,138.14,195.68,23.87,90.97,6.38,120.24,apple
39.04,131.95,202.27,22.11,90.92,5.94,104.14,apple
39.46,122.41,200.89,22.88,92.69,6.16,102.9,apple
26.65,127.18,204.4,23.29,94.86,5.54,107.13,apple
15.86,120.28,197.42,23.04,91.16,6.01,122.2,apple
30.81,129.87,198.72,22.37,90.89,6.13,109.1,apple
35.57,138.91,201.11,22.09,91.05,6.28,112.16,apple
16.74,124.88,196.65,23.33,91.14,6.03,111.29,apple
27.39,141.93,203.68,22.35,90.08,5.93,115.15,apple
26.73,136.28,196.54,22.94,90.91,6.25,108.48,apple
31.3,121.2,199.08,23.12,91.13,6.3,115.77,apple
27.63,128.84,199.82,22.79,92.36,6.2,110.84,apple
16.07,125.35,195.06,21.9,93.74,6.29,105.06,apple
38.77,132.56,204.17,23.12,93.61,5.59,105.5,apple
10.26,137.9,198.44,23.36,91.69,6.32,103.27,apple
15.2,128.52,199.08,22.05,93.82,5.6,108.78,apple
35.12,121.67,204.42,23.96,90.44,5.79,109.31,apple
33.29,134.9,201.44,23.27,90.59,6.33,117.64,apple
27.32,142.24,202.0,21.61,92.15,5.99,101.38,apple
38.64,123.21,201.97,22.52,90.13,6.42,121.3,apple
25.73,125.72,196.22,22.09,91.28,6.01,124.16,apple
27.25,142.25,201.51,22.43,94.27,5.97,121.72,apple
18.75,123.22,203.55,22.76,94.45,6.44,101.34,apple
25.03,129.37,201.26,23.38,91.4,6.06,117.72,apple
14.03,140.35,201.06,23.85,91.7,5.61,112.66,apple
12.57,144.24,195.39,23.26,92.63,5.87,101.65,apple
28.67,134.63,197.81,23.73,91.52,5.95,113.59,apple
13.01,143.3,198.75,21.24,91.94,6.1,112.84,apple
30.84,121.39,197.85,23.46,90.4,6.36,102.3,apple
35.03,129.02,201.12,21.46,90.33,5.72,103.2,apple
19.37,132.86,200.89,23.37,93.28,6.11,110.29,apple
24.21,130.36,203.42,21.69,90.03,6.15,105.06,apple
36.7,141.48,195.77,21.32,92.48,6.11,106.87,apple
31.5,134.87,198.25,21.08,93.75,5.71,120.86,apple
22.61,134.43,203.73,23.59,91.86,5.71,119.38,apple
22.99,124.8,204.04,21.59,90.13,5.52,115.56,apple
29.85,127.78,198.2,22.02,93.4,5.56,123.23,apple
16.68,144.99,196.72,23.31,91.12,5.58,121.87,apple
35.76,130.09,202.02,22.67,94.26,5.82,113.09,apple
24.56,128.85,203.91,21.5,90.75,6.08,116.44,apple
15.84,129.77,204.47,21.74,93.34,6.24,111.2,apple
38.13,138.42,199.58,22.71,93.46,6.09,121.97,apple
20.71,127.5,197.14,21.11,90.22,6.37,116.96,apple
29.82,135.37,203.49,22.44,94.35,5.86,123.17,apple
30.96,126.43,200.64,22.6,90.69,6.09,107.87,apple
11.57,143.72,201.41,23.63,93.38,5.86,112.82,apple
30.27,144.01,197.54,23.62,94.62,6.17,123.28,apple
21.94,143.83,202.03,21.13,94.53,5.98,111.51,apple
26.99,123.73,199.69,23.49,90.08,5.77,100.06,apple
22.47,138.21,202.99,23.84,93.04,5.75,123.1,apple
33.26,134.36,201.96,23.77,93.56,5.87,117.83,apple
11.21,129.66,199.06,21.5,90.12,5.63,116.37,apple
34.07,144.71,198.46,22.8,94.69,5.67,117.94,apple
32.65,122.22,203.61,23.44,90.17,5.59,101.23,apple
20.04,132.73,200.32,21.8,94.56,5.87,101.14,apple
19.01,133.28,199.08,21.82,90.66,6.32,124.9,apple
19.89,129.54,201.18,23.16,91.96,6.4,114.0,apple
23.51,136.17,204.53,23.38,90.2,5.83,111.76,apple
19.44,137.5,203.26,23.19,94.95,5.77,121.87,apple
33.0,129.05,202.34,21.31,93.95,6.03,107.31,apple
29.67,136.04,197.09,21.09,92.17,6.07,121.92,apple
37.85,133.22,202.54,22.32,93.73,5.7,109.28,apple
29.03,120.45,202.22,23.51,92.0,5.95,121.28,apple
33.27,127.2,198.24,23.04,92.82,5.66,107.75,apple
37.0,137.2,204.86,23.3,94.71,5.72,119.29,apple
10.61,136.77,199.69,22.04,94.31,6.35,100.56,apple
28.29,129.2,199.16,23.5,91.55,6.44,104.49,apple
29.88,136.8,197.52,21.97,94.17,6.26,108.23,apple
26.02,121.54,197.09,22.46,90.43,6.34,117.95,apple
38.31,137.34,204.4,22.66,93.0,6.48,116.05,apple
10.92,138.1,204.05,23.39,92.92,6.17,124.75,apple
12.72,136.68,197.83,22.92,93.04,5.65,105.17,apple
28.65,123.21,197.65,23.51,91.64,5.99,123.53,apple
16.81,14.74,11.06,28.88,94.51,7.83,115.53,orange
16.85,5.62,8.84,13.54,93.55,7.32,100.88,orange
35.1,11.22,9.32,26.7,92.15,6.88,101.31,orange
22.04,24.12,14.15,20.34,92.12,7.41,118.86,orange
18.01,16.0,12.96,25.24,90.55,7.26,103.73,orange
25.31,18.23,13.76,21.56,91.4,6.46,117.49,orange
15.13,15.65,6.87,29.33,92.37,6.7,107.22,orange
35.57,18.84,12.18,32.43,94.51,6.66,119.05,orange
10.75,14.42,13.96,16.87,91.37,6.61,112.25,orange
23.15,23.17,13.95,26.85,91.02,7.87,105.29,orange
14.5,7.25,10.63,12.84,90.69,6.6,105.63,orange
28.13,25.42,12.61,16.56,91.23,7.93,100.16,orange
36.39,9.99,14.47,18.56,92.2,7.41,111.75,orange
19.54,18.85,12.31,11.06,90.06,6.92,102.64,orange
29.93,10.35,9.33,14.94,92.74,6.23,100.46,orange
11.53,28.86,6.42,27.71,90.34,6.22,110.18,orange
23.95,28.79,14.45,29.49,93.01,6.91,107.12,orange
38.41,20.07,10.79,15.8,90.23,7.89,106.27,orange
23.28,7.87,13.37,10.69,94.17,6.28,117.73,orange
31.89,9.12,10.66,17.82,90.89,7.72,108.07,orange
21.96,9.25,8.83,31.79,91.82,7.9,118.93,orange
14.35,9.43,13.63,19.82,90.02,6.55,111.95,orange
33.98,8.33,6.11,33.05,93.76,7.18,115.38,orange
22.87,23.96,8.72,16.1,93.65,6.84,119.63,orange
20.48,28.04,14.33,16.05,93.99,6.87,118.35,orange
23.5,23.61,9.67,15.7,91.0,6.85,115.11,orange
28.15,22.22,7.82,22.04,90.22,7.64,119.8,orange
22.21,5.27,6.7,26.31,93.06,7.58,105.08,orange
32.91,22.2,8.23,23.64,90.74,6.91,117.62,orange
22.64,25.99,10.9,14.8,92.91,7.01,107.97,orange
13.59,15.42,5.73,12.47,92.08,6.61,118.51,orange
21.27,23.95,10.3,27.6,91.3,7.88,110.6,orange
34.94,14.13,6.0,26.84,90.04,6.95,103.86,orange
28.82,29.49,9.64,30.44,92.54,6.99,118.61,orange
36.7,24.65,7.96,23.63,91.12,6.89,109.68,orange
34.95,27.4,9.15,10.44,94.31,6.35,112.44,orange
10.75,14.99,14.86,12.52,92.12,6.61,118.1,orange
36.08,10.94,5.81,25.68,91.68,7.34,100.64,orange
14.0,22.16,7.12,31.44,90.29,6.43,119.97,orange
22.99,22.57,6.83,25.25,93.63,6.63,116.58,orange
28.1,14.73,10.58,24.42,90.83,6.81,106.87,orange
22.03,24.03,9.83,33.51,91.47,6.83,115.74,orange
26.38,18.68,5.53,19.96,91.35,8.0,106.17,orange
36.53,21.91,8.41,23.59,94.2,7.77,103.21,orange
20.19,13.38,5.42,24.96,94.27,6.76,114.8,orange
28.83,14.39,6.41,27.73,94.27,7.37,100.36,orange
16.49,6.74,10.7,28.91,90.55,7.68,111.11,orange
30.7,29.29,5.84,32.53,90.63,6.79,117.03,orange
37.19,17.66,10.94,27.7,94.16,6.24,116.2,orange
24.44,16.27,9.24,22.73,94.73,7.1,119.06,orange
15.41,23.1,13.12,26.98,93.03,7.13,117.22,orange
34.65,8.06,13.49,20.35,91.27,7.74,108.64,orange
34.25,11.59,5.04,22.39,90.5,7.51,105.52,orange
23.31,7.18,7.87,29.54,90.76,7.29,118.35,orange
30.4,25.28,6.09,16.27,94.47,7.43,112.79,orange
29.91,15.36,5.45,29.61,93.39,6.95,118.0,orange
20.08,12.36,13.73,29.92,92.57,6.26,104.3,orange
29.69,14.63,13.36,33.75,94.03,6.76,115.77,orange
20.54,9.18,5.33,19.64,94.52,6.48,104.13,orange
39.09,5.63,12.86,18.03,90.19,7.84,102.79,orange
26.55,11.85,5.65,11.25,90.58,6.14,115.21,orange
24.57,13.57,9.18,33.22,94.55,7.43,117.69,orange
19.59,14.53,11.14,25.59,92.41,6.8,119.72,orange
34.63,15.87,12.27,16.74,90.5,6.7,108.06,orange
10.5,25.37,8.59,24.51,90.37,6.35,117.79,orange
28.26,28.76,14.99,19.3,91.49,7.72,119.97,orange
28.89,24.88,12.82,18.88,92.87,7.67,113.76,orange
10.63,13.42,6.44,15.82,94.53,6.07,104.4,orange
19.29,20.42,10.34,15.46,90.82,6.47,110.05,orange
18.14,28.69,9.64,11.47,93.65,6.66,113.07,orange
18.39,19.27,12.72,33.2,91.31,6.67,109.29,orange
37.82,27.53,5.9,13.3,92.48,6.21,106.91,orange
14.45,20.9,14.49,34.92,91.88,7.2,117.13,orange
13.52,22.24,9.09,15.15,92.01,6.15,113.91,orange
17.58,12.79,6.21,31.62,92.47,7.14,111.39,orange
22.31,9.81,12.45,13.18,90.52,7.42,104.18,orange
19.2,16.88,9.49,27.71,93.12,7.29,114.28,orange
18.78,13.06,9.38,17.69,94.92,7.63,103.29,orange
10.17,6.07,7.44,12.86,92.67,7.72,114.74,orange
16.47,14.98,10.08,30.26,94.2,7.82,110.18,orange
30.83,7.8,10.65,16.22,92.16,7.27,105.14,orange
11.57,5.26,5.22,10.21,90.55,6.48,104.42,orange
39.6,12.65,6.27,23.64,94.29,7.36,105.92,orange
26.85,22.87,12.28,26.66,94.35,7.74,111.58,orange
22.9,21.04,13.18,10.14,94.96,6.37,109.4,orange
36.16,10.63,9.77,13.31,91.98,6.35,107.27,orange
21.2,29.83,14.95,12.87,93.63,6.1,100.6,orange
13.16,29.14,14.41,14.85,90.81,6.48,110.31,orange
27.09,10.54,12.57,17.74,94.61,7.31,108.73,orange
33.7,25.45,7.9,18.49,94.68,6.33,100.84,orange
23.62,25.03,12.72,32.99,92.67,6.2,111.77,orange
33.35,7.33,6.73,10.31,92.97,7.77,113.41,orange
39.46,6.58,14.03,30.35,91.57,7.95,105.76,orange
36.68,27.02,12.58,24.09,90.6,7.06,107.14,orange
33.77,23.95,14.11,10.37,94.05,7.88,115.79,orange
13.91,7.03,5.21,25.72,93.15,7.97,107.96,orange
19.96,20.61,13.26,33.42,94.02,6.85,112.7,orange
35.69,17.27,7.17,14.24,90.0,7.44,102.22,orange
17.32,12.45,10.6,19.95,93.37,6.11,102.48,orange
24.98,13.42,7.96,11.68,94.48,7.38,102.43,orange
32.6,69.37,51.81,31.77,93.51,6.88,225.8,papaya
49.12,55.75,45.11,42.46,93.02,6.6,241.16,papaya
66.6,69.73,53.74,43.95,91.22,6.92,230.53,papaya
39.24,47.46,54.79,29.22,94.35,6.5,142.31,papaya
48.63,50.97,51.9,34.88,90.39,6.58,182.69,papaya
37.42,64.81,49.16,24.96,92.42,6.55,154.18,papaya
39.58,66.49,54.25,40.35,91.67,6.64,200.41,papaya
58.87,69.83,46.32,24.04,93.47,6.92,233.1,papaya
57.14,68.85,50.11,42.19,94.84,6.92,174.07,papaya
37.85,58.7,49.53,41.43,90.5,6.63,222.7,papaya
33.8,53.02,48.87,36.07,90.79,6.93,189.23,papaya
66.68,56.7,47.75,25.98,90.02,6.77,151.79,papaya
45.67,59.73,47.76,26.68,93.87,6.97,151.05,papaya
36.22,69.0,45.38,43.53,90.02,6.94,173.81,papaya
67.54,52.92,51.54,24.68,91.21,6.89,198.16,papaya
67.12,55.72,53.7,32.43,94.9,6.98,176.21,papaya
65.44,66.19,47.11,36.11,90.36,6.92,159.2,papaya
32.83,55.01,50.77,40.95,94.87,6.72,146.65,papaya
59.96,59.13,49.48,29.49,92.51,6.67,223.27,papaya
51.76,66.92,50.44,28.0,94.26,6.78,162.75,papaya
54.94,53.94,53.44,32.52,93.63,6.55,183.56,papaya
69.33,65.21,46.6,28.83,91.65,6.83,223.27,papaya
59.98,57.75,53.11,32.18,90.62,6.78,244.75,papaya
61.72,59.47,51.47,42.54,92.14,6.67,247.5,papaya
64.54,53.08,49.64,31.72,90.75,6.98,184.47,papaya
65.01,49.73,50.48,23.5,93.82,6.79,208.81,papaya
32.07,50.28,45.74,29.07,93.14,6.78,207.34,papaya
51.97,51.83,47.45,25.88,94.25,6.81,160.52,papaya
37.09,66.83,52.43,36.85,92.03,6.63,247.74,papaya
61.89,52.54,53.48,38.94,91.49,6.71,160.45,papaya
34.44,63.07,47.68,40.22,94.98,6.54,192.03,papaya
62.08,64.72,52.6,30.33,92.27,6.8,247.13,papaya
43.1,68.08,47.69,43.77,93.35,6.73,207.47,papaya
40.9,51.85,46.14,25.4,91.74,6.88,206.88,papaya
34.1,66.31,51.01,43.18,93.35,6.59,192.12,papaya
55.94,45.71,45.15,25.72,91.26,6.71,193.62,papaya
35.52,61.83,50.96,29.18,90.07,6.54,183.09,papaya
36.16,54.42,51.28,34.49,91.16,6.67,207.54,papaya
64.43,63.83,50.53,30.61,91.83,6.94,144.32,papaya
69.52,61.61,51.81,23.8,93.03,6.74,151.64,papaya
41.12,67.26,50.5,31.68,90.36,6.86,217.31,papaya
54.56,57.76,49.34,35.46,91.17,6.97,204.77,papaya
42.45,56.24,53.06,26.39,91.46,6.84,174.7,papaya
61.7,48.26,52.63,24.44,90.06,6.95,203.95,papaya
44.07,50.81,51.17,33.69,94.96,6.99,209.85,papaya
47.71,57.28,51.82,25.13,91.64,6.54,148.07,papaya
37.83,57.13,52.85,33.2,91.68,6.54,200.53,papaya
40.85,60.37,54.77,25.34,91.06,6.74,246.55,papaya
60.87,67.46,48.34,43.83,90.51,6.53,234.12,papaya
67.09,47.26,46.13,23.7,90.52,6.6,246.71,papaya
56.71,64.46,52.76,34.24,93.99,6.8,174.6,papaya
52.44,58.34,53.23,43.62,92.06,6.88,150.97,papaya
61.07,54.29,45.39,30.63,93.05,6.56,241.64,papaya
33.11,68.25,52.07,29.92,91.95,6.87,206.16,papaya
56.87,54.73,49.88,43.79,91.07,6.71,172.1,papaya
60.6,64.1,47.92,24.71,90.06,6.71,185.14,papaya
69.54,56.75,47.56,41.72,92.46,6.8,150.52,papaya
45.32,68.61,50.9,30.23,93.13,6.96,170.14,papaya
50.2,68.97,46.72,38.11,93.07,6.84,178.63,papaya
42.56,62.11,47.16,31.81,90.94,6.5,246.71,papaya
47.27,69.23,46.4,35.33,91.0,6.9,226.21,papaya
34.5,67.8,46.95,35.87,94.93,6.94,245.22,papaya
43.7,47.64,46.88,33.51,93.97,6.58,212.57,papaya
42.94,53.53,51.62,32.81,94.06,6.58,226.89,papaya
32.57,49.85,51.56,40.95,91.26,6.66,199.08,papaya
38.46,65.28,52.74,26.05,92.32,6.89,177.11,papaya
55.32,46.26,51.09,26.21,94.15,6.68,170.97,papaya
63.64,46.25,48.97,30.77,91.42,6.96,222.6,papaya
32.56,62.87,50.27,41.92,91.56,6.79,195.08,papaya
49.58,56.4,47.06,38.87,92.26,6.98,168.69,papaya
57.31,68.52,51.63,41.3,94.14,6.68,206.01,papaya
36.25,58.39,47.3,38.62,92.64,6.71,169.57,papaya
69.95,46.79,45.44,27.56,94.86,6.99,212.04,papaya
65.2,50.35,54.72,26.0,90.51,6.56,203.04,papaya
61.24,54.17,54.78,32.12,90.75,6.73,214.69,papaya
63.29,56.47,50.94,28.61,93.23,6.99,145.4,papaya
65.46,59.06,47.52,43.05,92.42,6.67,159.96,papaya
39.78,65.82,51.14,42.18,91.16,6.56,140.67,papaya
50.31,69.96,51.95,29.48,94.38,6.89,141.7,papaya
62.67,52.51,46.5,27.75,92.34,6.71,171.78,papaya
36.89,64.06,54.9,39.33,91.48,6.62,163.94,papaya
35.47,58.78,51.05,37.82,93.4,6.65,176.33,papaya
57.26,53.74,47.13,30.86,91.36,6.54,231.32,papaya
64.12,50.49,45.65,38.52,91.06,6.7,147.05,papaya
39.05,64.82,53.04,27.35,91.68,6.57,148.16,papaya
69.69,61.39,50.42,39.08,94.2,6.9,141.82,papaya
37.47,61.37,48.76,43.63,93.33,6.98,162.16,papaya
64.56,53.03,54.9,26.31,92.58,6.9,187.59,papaya
48.72,69.66,49.25,35.69,90.27,6.92,211.3,papaya
46.16,45.4,50.92,23.27,90.01,6.81,160.79,papaya
37.68,61.33,45.54,29.58,90.75,6.79,212.79,papaya
58.85,51.38,45.89,24.65,92.13,6.97,163.95,papaya
40.27,47.52,51.06,37.28,93.21,6.93,193.51,papaya
35.38,52.24,51.62,35.88,92.66,6.84,210.11,papaya
65.25,59.65,52.79,28.22,93.39,6.95,182.43,papaya
61.16,63.12,45.6,35.21,90.65,6.98,229.25,papaya
34.39,48.04,50.94,30.24,90.17,6.77,182.66,papaya
34.04,65.05,54.15,38.89,94.11,6.61,168.99,papaya
38.34,64.13,54.48,38.05,94.41,6.82,182.64,papaya
47.03,46.88,45.31,37.6,92.19,6.78,201.34,papaya
18.32,16.9,29.71,26.94,98.21,5.95,190.36,coconut
36.87,26.66,33.9,26.35,90.35,5.76,157.87,coconut
37.28,21.23,25.82,25.68,91.56,6.13,203.54,coconut
35.79,28.52,27.02,26.55,92.4,5.86,221.47,coconut
27.25,23.45,29.9,25.14,90.64,6.04,201.88,coconut
16.46,23.05,33.11,27.06,97.46,5.9,197.84,coconut
32.92,29.8,28.45,27.06,91.66,5.7,199.34,coconut
37.51,14.87,26.8,26.43,94.55,5.79,153.36,coconut
32.08,5.2,30.39,28.97,92.66,6.1,196.89,coconut
29.65,16.15,28.47,29.18,97.58,5.82,140.3,coconut
12.15,7.36,30.83,25.26,93.37,6.25,159.43,coconut
32.9,23.64,27.46,28.64,97.48,5.9,151.04,coconut
25.64,28.03,31.4,25.86,96.83,5.93,189.15,coconut
32.02,17.87,33.14,28.61,96.15,5.65,213.59,coconut
38.08,8.42,29.88,26.29,97.55,6.22,144.09,coconut
36.31,9.52,32.97,27.28,93.28,5.66,146.76,coconut
29.86,18.76,26.22,25.56,90.72,6.24,201.19,coconut
11.75,19.01,25.85,29.52,99.07,6.2,222.62,coconut
34.34,25.71,30.7,26.53,92.18,5.83,192.85,coconut
15.18,11.47,29.68,26.17,95.89,6.42,204.81,coconut
29.99,19.57,29.88,25.93,98.95,5.75,139.13,coconut
32.5,9.39,28.72,25.14,91.37,5.67,135.44,coconut
29.7,25.93,28.73,29.37,92.13,5.83,145.07,coconut
28.62,15.5,31.13,28.81,95.46,6.13,223.53,coconut
18.97,13.98,32.18,28.06,91.79,5.88,176.78,coconut
22.58,9.46,34.24,28.81,94.81,6.18,219.73,coconut
14.09,11.26,30.43,29.0,90.36,6.48,175.49,coconut
20.78,12.32,26.74,28.96,99.55,5.91,225.24,coconut
34.71,17.03,31.74,27.17,95.59,5.56,199.63,coconut
11.58,25.43,33.25,26.19,93.24,5.98,189.67,coconut
18.62,19.81,27.98,25.28,90.03,5.6,209.23,coconut
38.84,15.67,30.13,25.73,95.51,5.64,191.12,coconut
38.0,9.89,32.65,25.12,93.75,5.61,165.25,coconut
15.21,14.33,29.18,26.5,96.57,6.42,170.06,coconut
15.77,11.77,33.54,27.86,94.55,5.65,174.97,coconut
18.35,28.58,33.84,25.42,95.17,5.73,171.08,coconut
36.31,18.19,28.34,26.04,98.0,6.12,176.81,coconut
16.52,13.36,34.6,27.6,94.01,6.02,207.9,coconut
20.2,9.47,30.85,28.33,97.13,6.38,167.12,coconut
12.26,28.96,29.35,28.12,96.66,6.05,150.53,coconut
32.65,25.09,30.53,27.44,91.14,5.58,163.96,coconut
19.33,28.84,32.84,28.3,95.18,5.67,227.85,coconut
21.25,7.67,29.94,29.37,98.87,5.51,218.63,coconut
18.14,5.97,33.48,29.32,95.96,6.07,211.31,coconut
33.59,27.25,30.53,29.84,99.96,5.62,214.95,coconut
24.99,14.69,31.13,25.28,95.06,6.37,151.35,coconut
22.79,28.49,29.29,26.79,94.41,6.02,193.2,coconut
34.02,16.3,33.17,27.67,93.38,6.16,201.77,coconut
26.74,6.42,26.7,26.43,92.83,6.17,131.83,coconut
32.67,11.63,28.1,27.64,92.16,6.38,138.54,coconut
23.33,26.24,31.16,26.46,94.21,6.21,227.33,coconut
36.79,13.56,34.98,25.02,90.28,6.32,149.95,coconut
11.82,10.93,29.26,28.65,96.24,5.74,180.33,coconut
37.79,25.38,28.23,29.91,97.09,5.56,133.52,coconut
15.05,23.2,26.84,27.56,90.93,6.42,164.4,coconut
37.24,28.62,25.06,27.32,90.25,6.41,181.84,coconut
12.25,7.76,28.84,29.7,96.93,6.37,166.65,coconut
11.3,29.36,25.17,29.74,93.69,5.51,198.92,coconut
39.42,29.14,26.61,25.91,95.66,6.14,203.94,coconut
15.43,28.98,31.39,29.24,95.4,5.91,227.72,coconut
27.46,26.67,34.53,28.38,95.49,5.5,134.0,coconut
16.03,9.65,27.55,26.52,93.6,5.92,139.89,coconut
11.27,21.85,30.37,27.22,96.34,6.33,172.77,coconut
29.23,28.84,33.4,27.13,96.45,5.68,186.05,coconut
39.44,17.96,34.28,27.04,99.99,6.08,134.23,coconut
27.6,11.86,25.32,29.1,92.76,6.3,158.82,coconut
15.83,29.35,28.62,28.01,96.1,6.06,221.47,coconut
30.23,15.09,33.62,25.91,95.44,6.45,192.54,coconut
34.51,21.34,33.39,29.72,92.73,5.67,178.4,coconut
31.06,10.68,25.04,26.71,99.69,6.19,170.13,coconut
15.78,13.9,26.7,25.53,99.07,6.5,146.41,coconut
11.64,13.24,29.62,26.02,93.01,5.7,207.43,coconut
31.38,20.87,28.87,29.55,99.7,5.67,152.3,coconut
25.77,7.28,29.36,27.91,95.22,5.83,184.24,coconut
38.76,10.15,31.55,25.22,90.66,6.05,140.49,coconut
10.67,9.29,30.65,28.52,92.02,6.17,148.25,coconut
28.4,15.3,31.54,29.98,99.38,5.5,218.54,coconut
11.99,28.83,27.82,26.91,90.92,5.61,202.67,coconut
38.33,20.27,32.16,28.81,92.63,5.55,130.19,coconut
20.52,11.04,25.62,25.9,91.24,6.41,144.03,coconut
26.13,19.83,30.43,25.5,93.19,5.55,169.57,coconut
15.66,19.04,31.93,27.66,94.34,5.89,214.17,coconut
16.58,23.36,32.57,27.1,92.97,5.97,139.32,coconut
11.38,7.79,26.87,27.52,98.49,5.74,223.52,coconut
38.65,28.97,33.38,26.82,90.73,6.07,185.87,coconut
35.5,29.9,30.08,26.73,91.86,5.5,180.91,coconut
26.67,25.62,30.05,29.58,96.28,6.34,144.83,coconut
35.66,21.88,26.7,25.95,99.27,5.53,176.25,coconut
19.4,21.63,33.4,26.8,94.27,6.48,208.39,coconut
36.92,15.97,27.34,27.06,97.16,5.61,157.05,coconut
11.4,15.81,33.27,25.12,96.75,6.43,153.69,coconut
30.81,29.38,34.62,26.17,91.0,5.65,200.2,coconut
31.77,21.86,28.36,25.85,95.81,5.98,202.88,coconut
23.24,13.47,27.93,26.06,92.66,5.59,164.69,coconut
11.1,9.66,32.47,26.63,96.68,6.22,188.12,coconut
38.76,5.54,32.39,29.79,98.62,5.67,162.68,coconut
15.17,20.03,32.12,26.59,95.4,6.19,172.13,coconut
35.62,24.29,25.65,28.11,92.35,6.06,225.69,coconut
36.37,15.11,27.92,26.17,95.33,5.61,184.93,coconut
10.04,13.1,27.2,29.86,97.27,5.85,139.28,coconut
120.67,40.34,20.36,25.34,81.16,7.27,81.64,cotton
137.09,58.3,20.13,23.22,79.6,6.37,85.45,cotton
120.0,37.58,16.98,23.92,83.88,7.13,87.26,cotton
113.56,49.29,19.47,24.64,75.51,6.99,71.84,cotton
113.05,59.02,16.83,23.24,80.1,7.73,76.67,cotton
129.75,56.41,18.1,23.57,78.57,7.67,61.77,cotton
112.34,51.99,20.65,23.75,80.4,6.4,77.23,cotton
120.07,57.53,17.61,25.47,81.44,6.04,88.99,cotton
101.42,59.93,23.73,23.19,77.57,6.76,74.25,cotton
114.89,42.96,21.21,22.66,83.46,7.62,79.06,cotton
134.11,41.18,15.18,24.48,79.58,7.13,95.97,cotton
138.8,50.86,22.64,22.34,76.61,7.47,77.25,cotton
117.84,42.72,21.07,22.74,81.27,6.35,62.55,cotton
113.21,40.78,23.89,22.22,76.77,7.1,79.24,cotton
101.83,35.18,24.88,24.64,78.65,6.94,70.66,cotton
113.79,51.23,23.83,22.74,83.4,6.24,68.6,cotton
101.49,38.52,24.17,23.84,75.78,7.92,95.16,cotton
130.19,58.34,17.2,25.35,81.9,7.74,91.88,cotton
113.86,54.36,17.62,23.31,76.08,7.87,71.64,cotton
120.82,44.78,24.6,23.34,82.79,7.71,77.42,cotton
115.13,53.69,24.13,25.02,77.27,7.78,75.5,cotton
123.05,55.79,16.88,25.14,80.96,7.79,66.88,cotton
116.83,55.82,15.19,22.45,84.91,6.56,99.02,cotton
107.3,44.03,22.53,24.63,80.81,7.06,93.74,cotton
109.4,46.06,16.55,24.38,77.51,6.67,78.85,cotton
101.07,37.3,21.86,23.72,83.65,7.39,60.32,cotton
124.67,37.34,22.81,25.97,80.31,7.37,69.49,cotton
117.5,56.4,16.67,23.06,79.45,7.42,75.04,cotton
137.11,37.36,18.71,24.84,77.26,7.31,66.57,cotton
102.24,38.03,24.3,24.21,82.96,6.67,83.71,cotton
119.8,58.64,22.48,24.92,75.46,7.1,78.68,cotton
137.11,41.43,17.7,23.65,77.43,6.26,94.3,cotton
122.33,56.53,23.31,23.13,80.48,6.17,96.61,cotton
116.17,44.84,18.03,23.84,77.52,6.75,92.0,cotton
133.37,42.6,19.69,25.5,75.53,7.78,68.77,cotton
127.14,49.56,20.53,25.44,76.02,6.69,81.53,cotton
132.45,40.41,23.03,23.6,76.89,7.52,63.64,cotton
120.59,36.6,18.56,24.4,80.56,6.81,77.16,cotton
109.07,46.4,24.53,25.4,76.45,6.06,97.34,cotton
121.07,48.45,22.81,23.26,79.82,7.94,86.89,cotton
106.15,38.33,17.04,25.07,77.95,6.04,97.77,cotton
106.79,35.24,17.37,22.94,79.22,7.84,95.17,cotton
118.28,45.27,20.55,22.97,75.52,7.88,67.47,cotton
107.94,46.81,19.92,22.07,76.48,6.76,87.35,cotton
109.14,45.58,20.57,25.55,78.26,6.27,79.57,cotton
129.87,37.75,19.25,22.07,75.34,6.97,71.93,cotton
133.8,50.05,19.54,23.63,79.97,6.08,95.71,cotton
139.93,39.54,16.2,22.57,81.61,7.32,93.92,cotton
130.07,46.24,21.13,24.75,80.13,6.95,85.8,cotton
122.3,51.1,21.13,24.88,81.43,7.04,87.27,cotton
117.98,41.04,15.01,24.24,80.91,7.94,74.46,cotton
115.77,40.04,15.71,25.09,77.5,7.22,87.51,cotton
118.85,56.91,19.44,23.14,83.96,7.72,66.56,cotton
101.04,37.25,17.87,25.89,80.59,6.75,95.55,cotton
118.13,42.88,24.41,25.4,83.44,7.02,91.58,cotton
107.17,49.33,24.84,23.16,82.94,6.98,61.59,cotton
130.52,39.21,21.31,22.34,84.47,6.58,69.06,cotton
105.17,58.65,22.12,24.97,79.99,6.95,64.4,cotton
122.39,41.17,24.77,25.19,79.13,6.3,91.41,cotton
104.88,39.73,17.12,24.23,82.87,6.63,63.39,cotton
118.58,53.7,17.22,22.88,84.47,7.91,99.62,cotton
132.31,39.7,17.12,23.36,78.18,7.91,91.56,cotton
128.96,39.65,24.1,25.31,76.64,7.74,70.89,cotton
103.23,51.42,21.54,22.38,78.19,7.99,87.14,cotton
129.2,40.32,15.79,23.11,77.49,6.47,67.71,cotton
122.99,43.2,23.2,22.74,79.65,6.03,79.27,cotton
102.23,59.44,22.91,23.96,75.87,7.18,90.35,cotton
107.63,49.21,23.14,25.07,83.03,7.76,97.51,cotton
116.22,49.22,22.91,24.79,84.96,6.03,74.21,cotton
111.24,41.56,17.23,24.84,75.85,7.48,87.74,cotton
110.03,41.32,21.29,25.05,83.76,7.7,98.6,cotton
123.26,57.72,23.09,25.58,75.12,7.93,78.94,cotton
131.93,38.18,18.96,23.09,77.92,6.25,92.23,cotton
100.37,42.81,16.74,24.36,77.54,6.52,79.53,cotton
126.11,38.03,16.76,22.99,84.74,6.79,83.96,cotton
109.66,47.26,15.74,22.14,79.69,6.8,65.48,cotton
127.5,59.82,18.96,24.5,84.63,7.66,78.54,cotton
129.5,38.2,20.12,23.12,76.61,6.85,65.24,cotton
127.96,46.41,20.31,22.59,76.4,7.17,99.4,cotton
103.85,42.14,23.69,22.29,83.76,7.05,76.33,cotton
112.39,42.43,18.06,25.54,82.24,7.34,91.95,cotton
110.28,50.45,19.6,25.13,78.09,7.29,95.29,cotton
116.09,36.67,20.16,23.38,81.72,7.9,79.42,cotton
118.65,51.36,16.03,23.01,84.19,7.34,60.54,cotton
108.19,52.07,22.64,25.36,77.92,7.86,82.12,cotton
127.86,49.92,16.23,25.85,76.23,6.51,92.55,cotton
124.74,55.95,20.16,23.51,84.22,6.07,94.25,cotton
109.23,56.22,16.39,24.32,83.88,6.95,89.86,cotton
132.19,53.41,24.25,23.79,76.73,6.1,69.86,cotton
105.73,48.95,16.85,22.16,75.36,7.66,83.66,cotton
114.32,57.36,15.7,25.92,81.16,6.37,87.16,cotton
130.54,45.73,23.62,22.6,77.79,6.19,68.44,cotton
109.55,57.94,15.78,23.71,80.32,7.8,99.91,cotton
130.14,59.27,22.87,25.85,82.07,6.16,76.08,cotton
125.86,43.77,17.73,24.31,84.34,6.07,90.77,cotton
128.91,59.1,24.31,25.05,80.2,6.41,81.81,cotton
130.61,57.39,22.9,22.78,81.0,6.66,60.37,cotton
108.01,37.83,23.43,23.03,77.85,7.92,75.16,cotton
100.38,42.1,16.19,22.41,75.77,7.19,67.57,cotton
114.45,56.55,19.24,25.66,79.98,6.8,90.02,cotton
62.2,37.24,41.52,24.46,77.11,7.37,160.53,jute
77.89,47.52,44.82,25.49,78.21,6.38,175.9,jute
67.96,40.22,44.44,23.06,78.69,6.22,177.78,jute
68.28,43.77,37.17,24.76,73.13,6.99,145.63,jute
61.93,37.49,39.19,25.44,77.99,6.37,167.97,jute
83.05,42.22,39.09,24.57,71.21,6.04,151.11,jute
78.81,36.84,36.9,24.01,70.7,6.29,181.45,jute
60.58,51.34,38.84,25.02,75.3,6.34,178.89,jute
74.76,55.56,39.06,25.95,76.93,7.45,165.57,jute
74.21,53.89,43.8,25.89,72.92,7.2,153.43,jute
76.37,39.5,38.47,25.79,71.31,6.95,168.72,jute
63.62,43.15,40.63,23.56,77.21,7.46,153.59,jute
65.61,46.37,42.48,23.84,70.18,6.81,183.26,jute
71.74,45.5,44.69,25.08,76.47,6.84,183.98,jute
80.67,57.38,41.99,25.21,72.61,6.46,176.32,jute
68.9,49.07,37.49,25.45,70.99,7.24,169.11,jute
65.61,48.55,37.82,23.97,73.16,6.09,184.44,jute
60.95,51.56,38.71,24.94,73.21,7.01,174.17,jute
80.72,37.85,41.57,23.84,70.26,6.62,162.34,jute
74.02,52.62,38.09,23.95,70.54,7.03,167.71,jute
70.48,52.63,40.37,24.41,74.6,6.95,171.4,jute
68.67,38.52,36.57,24.92,77.86,6.61,151.78,jute
82.7,55.81,43.81,24.82,77.75,6.02,149.29,jute
62.78,52.82,35.7,24.49,74.25,6.47,179.82,jute
65.11,43.81,42.74,23.09,76.06,7.22,182.29,jute
86.29,42.98,40.86,23.23,72.32,6.14,157.61,jute
86.26,43.68,40.62,24.3,74.13,7.45,156.85,jute
78.82,45.5,35.61,24.47,77.32,6.15,147.78,jute
64.61,54.11,42.24,24.7,74.21,7.33,175.67,jute
84.36,55.33,41.43,24.37,77.78,7.39,145.95,jute
61.55,58.97,37.77,25.62,73.5,6.18,148.22,jute
64.7,41.25,39.89,25.1,78.88,6.66,165.73,jute
75.65,48.49,40.18,23.03,70.02,6.15,149.06,jute
81.15,40.12,43.95,25.79,78.78,7.41,155.88,jute
75.29,39.39,43.06,25.67,77.66,6.65,175.35,jute
62.93,36.01,42.53,24.28,78.96,6.15,179.23,jute
74.4,55.68,43.17,25.75,72.68,7.42,151.07,jute
62.46,45.79,43.28,24.42,77.46,7.09,153.38,jute
88.47,36.52,43.98,23.91,74.5,6.63,151.87,jute
70.74,39.82,37.04,23.56,74.4,7.2,167.76,jute
86.8,50.91,41.89,25.0,74.05,7.03,147.79,jute
85.8,54.45,37.45,25.3,70.11,6.33,147.61,jute
83.41,53.9,43.14,23.01,74.51,7.06,151.22,jute
79.49,37.1,36.81,24.43,75.88,6.22,152.41,jute
66.13,40.97,37.27,24.19,75.88,6.66,176.04,jute
81.58,38.16,35.49,25.63,70.72,6.22,145.89,jute
78.85,49.56,44.87,25.66,73.7,6.56,156.87,jute
64.57,38.45,36.32,23.34,72.16,6.46,183.46,jute
77.35,59.69,38.72,24.37,72.92,6.27,150.73,jute
88.35,59.67,35.45,23.45,73.81,6.28,159.56,jute
63.87,46.41,37.72,24.06,70.85,6.64,184.33,jute
69.86,56.91,43.43,25.86,77.11,6.99,179.26,jute
62.27,46.57,44.89,25.31,78.66,7.17,180.0,jute
81.2,54.01,40.23,25.77,77.43,7.27,171.92,jute
69.14,35.89,44.36,24.76,72.68,6.22,178.18,jute
85.1,55.36,41.45,24.1,72.74,6.01,178.34,jute
62.62,50.77,40.04,24.58,78.34,6.05,175.94,jute
61.56,35.95,39.3,23.19,77.1,6.79,146.16,jute
61.22,50.32,43.06,24.31,74.99,7.2,169.42,jute
66.74,50.33,41.28,25.2,75.59,7.45,152.89,jute
88.53,48.46,41.72,23.3,73.43,7.15,173.28,jute
61.2,48.66,35.88,25.99,78.08,6.03,179.35,jute
87.58,43.84,42.2,24.33,75.9,6.51,157.9,jute
72.73,38.64,43.31,24.05,73.6,7.34,164.86,jute
76.33,58.91,43.87,23.51,74.26,7.46,159.89,jute
71.15,39.88,36.14,25.22,76.93,7.45,175.94,jute
67.3,36.0,44.85,24.02,72.81,7.36,168.4,jute
66.45,57.23,44.93,23.26,77.76,6.59,165.96,jute
87.44,59.33,37.62,23.64,70.72,6.84,145.54,jute
72.36,36.83,39.05,23.12,77.52,6.31,158.13,jute
86.1,53.66,37.19,23.22,76.44,6.59,175.64,jute
73.36,43.65,39.51,25.25,78.12,6.07,165.96,jute
60.99,46.71,43.85,24.08,78.39,6.95,182.37,jute
82.71,37.59,37.31,24.18,71.53,6.74,163.85,jute
88.69,45.84,42.86,25.83,77.89,6.31,164.84,jute
70.43,45.0,38.61,25.48,74.07,6.79,184.3,jute
61.8,47.2,42.74,23.45,75.5,6.36,179.7,jute
69.81,43.23,40.98,23.55,72.56,6.62,159.15,jute
75.75,49.99,40.67,24.96,72.77,6.19,175.43,jute
85.52,41.43,39.07,24.5,74.8,6.99,146.66,jute
81.64,36.55,39.68,25.48,74.06,6.22,184.4,jute
86.68,54.28,39.12,23.55,78.47,6.8,179.09,jute
70.26,43.38,44.86,24.57,71.27,6.33,164.28,jute
61.27,46.56,39.19,25.34,73.19,7.47,152.23,jute
77.73,37.24,42.34,25.98,77.37,6.83,164.39,jute
85.05,58.4,44.89,24.19,78.92,6.23,155.14,jute
62.67,41.79,42.68,25.56,77.01,6.95,165.56,jute
81.26,44.77,43.41,25.03,76.28,6.8,180.41,jute
67.56,44.53,42.78,24.48,78.0,6.52,159.77,jute
86.66,46.61,40.16,24.0,72.49,6.98,149.79,jute
86.38,54.48,36.91,25.08,75.42,6.28,155.93,jute
72.27,52.48,41.39,24.6,76.92,7.14,169.71,jute
83.61,43.36,43.81,24.84,77.4,6.82,153.74,jute
76.27,44.28,41.97,24.43,77.53,7.02,172.38,jute
66.51,59.61,43.42,25.37,72.97,6.8,150.48,jute
76.15,38.65,40.53,24.95,73.51,6.75,180.03,jute
63.26,54.79,36.71,23.11,71.67,7.15,161.21,jute
86.18,48.12,35.22,25.15,70.99,7.18,151.72,jute
70.36,54.03,44.54,24.11,77.46,6.29,177.29,jute
79.72,39.82,38.03,23.4,73.45,6.31,170.76,jute
119.78,15.3,30.41,25.87,68.28,6.76,161.21,coffee
98.87,21.72,25.56,25.04,51.05,6.83,141.12,coffee
101.34,18.36,34.33,27.47,53.8,6.52,167.15,coffee
83.83,23.86,27.51,27.58,67.05,6.87,159.23,coffee
117.23,38.31,34.69,23.63,53.21,7.02,161.02,coffee
80.74,16.55,33.88,27.34,57.15,7.34,165.46,coffee
112.24,25.69,26.13,25.17,59.15,6.83,123.97,coffee
119.66,21.1,26.99,25.63,60.74,6.66,180.61,coffee
100.67,30.24,32.24,23.13,61.41,7.33,116.48,coffee
96.21,38.16,28.53,25.29,69.63,6.3,120.55,coffee
114.38,36.71,29.72,25.57,66.72,7.11,137.54,coffee
80.68,26.99,33.59,27.48,69.12,7.32,164.3,coffee
97.78,34.37,32.4,25.69,51.75,7.39,153.73,coffee
94.53,30.74,31.74,24.05,66.74,6.43,130.87,coffee
96.26,33.26,34.65,27.05,68.81,6.21,121.05,coffee
102.31,22.26,33.28,26.36,69.41,6.38,156.29,coffee
100.05,20.98,30.9,25.22,58.93,6.54,116.44,coffee
100.88,23.38,25.01,24.54,55.57,6.59,126.21,coffee
100.31,32.31,31.3,27.02,59.04,6.78,183.88,coffee
97.11,32.54,29.35,25.09,65.2,6.26,143.78,coffee
88.97,23.98,27.3,25.9,65.96,7.18,145.98,coffee
119.55,29.85,28.99,27.18,64.6,7.12,131.67,coffee
98.73,36.55,30.04,26.42,61.76,7.26,139.19,coffee
103.02,18.08,31.9,26.66,50.86,7.01,150.25,coffee
84.96,25.5,26.94,25.08,57.69,7.11,180.81,coffee
104.28,15.57,34.31,26.43,50.68,7.23,132.02,coffee
103.17,26.67,29.2,27.45,58.75,6.11,195.46,coffee
116.82,32.11,29.68,23.46,65.81,6.11,120.83,coffee
101.5,19.0,25.08,25.12,52.74,6.24,121.54,coffee
88.2,32.89,33.09,25.26,60.13,6.05,120.89,coffee
90.3,28.6,32.4,26.03,57.84,6.18,181.37,coffee
94.55,33.4,30.13,26.69,68.15,7.38,160.48,coffee
100.46,21.64,34.36,25.29,52.55,6.65,125.8,coffee
100.1,29.03,28.38,23.36,68.87,7.16,186.3,coffee
94.67,34.02,29.85,24.01,52.49,6.52,126.69,coffee
119.93,16.23,29.41,25.26,56.01,6.86,127.75,coffee
111.36,23.31,30.91,26.58,67.78,7.25,166.71,coffee
95.54,27.58,32.69,27.39,52.08,6.58,180.97,coffee
97.27,23.31,29.11,26.01,70.0,6.74,132.72,coffee
86.51,16.06,30.59,25.72,54.1,7.04,177.99,coffee
90.36,23.6,34.9,24.87,65.22,6.68,182.43,coffee
110.76,31.69,33.55,27.7,61.6,6.36,148.88,coffee
110.33,31.27,26.78,23.26,63.66,6.38,157.47,coffee
109.87,29.07,25.83,23.93,54.39,6.39,163.06,coffee
100.16,20.08,25.68,23.86,69.69,6.7,188.72,coffee
113.95,27.79,32.07,23.96,63.77,6.41,185.73,coffee
83.35,34.33,26.0,27.41,56.08,6.98,156.44,coffee
94.65,31.14,34.48,23.21,68.38,6.91,183.62,coffee
95.35,26.8,33.69,25.07,60.69,6.03,128.48,coffee
105.67,32.92,30.83,23.72,58.91,6.53,157.13,coffee
114.81,34.4,25.84,27.45,59.44,7.12,126.9,coffee
106.83,20.91,29.38,23.08,53.03,6.14,135.38,coffee
84.0,32.3,25.29,26.09,52.81,7.42,194.31,coffee
89.02,30.36,25.28,27.66,60.46,6.06,144.11,coffee
83.07,24.82,31.7,25.35,57.67,6.18,135.82,coffee
84.01,35.19,26.35,25.98,56.85,6.34,169.35,coffee
98.28,25.0,30.93,25.46,56.07,6.84,171.91,coffee
81.07,26.65,25.58,23.93,61.21,7.3,190.04,coffee
82.8,25.48,30.83,23.74,65.31,7.12,191.78,coffee
80.34,20.42,33.27,26.35,67.89,6.09,165.74,coffee
102.76,15.89,30.14,26.05,53.83,6.41,169.43,coffee
98.73,36.45,28.42,24.33,69.7,7.37,117.46,coffee
110.83,17.76,25.27,24.37,55.39,7.23,175.41,coffee
119.26,32.79,29.18,26.49,69.99,7.07,179.74,coffee
117.53,17.84,32.05,27.25,69.09,6.32,157.83,coffee
107.22,21.19,31.0,24.29,56.67,6.66,159.98,coffee
97.97,27.33,27.99,23.79,50.95,6.29,164.47,coffee
111.44,19.23,26.09,26.75,56.1,7.43,175.72,coffee
93.07,22.24,30.24,23.4,52.35,6.26,180.85,coffee
100.55,15.26,31.74,25.12,60.22,6.32,161.9,coffee
119.17,16.84,27.84,24.21,54.97,6.57,184.54,coffee
116.51,20.06,30.43,26.18,60.44,6.65,131.32,coffee
99.53,25.03,32.96,26.82,52.68,6.13,192.19,coffee
101.42,36.45,25.58,25.63,60.79,7.29,123.3,coffee
89.62,25.16,33.66,27.69,69.85,7.44,115.51,coffee
81.91,18.69,28.49,27.15,67.85,6.28,167.67,coffee
116.69,26.59,26.04,25.29,57.52,6.87,152.29,coffee
80.69,39.85,30.44,25.37,69.09,6.23,131.09,coffee
112.32,21.52,32.99,24.36,50.66,6.78,131.72,coffee
110.31,31.03,34.24,26.91,53.62,7.2,169.55,coffee
106.76,35.81,30.74,25.33,62.73,6.45,130.52,coffee
104.66,20.85,25.8,23.0,62.17,6.54,178.95,coffee
95.01,27.15,29.07,26.25,57.12,7.45,194.57,coffee
113.92,38.01,29.49,25.68,64.84,7.04,190.71,coffee
108.65,39.95,28.49,27.16,63.95,7.04,142.7,coffee
111.42,37.51,27.19,26.13,57.84,7.48,155.7,coffee
89.13,24.55,31.54,23.38,62.07,7.4,187.28,coffee
82.71,39.83,31.99,23.81,50.25,6.26,186.24,coffee
80.87,20.83,32.57,25.93,65.65,7.12,119.3,coffee
115.7,20.68,30.53,26.22,53.37,7.46,156.49,coffee
82.31,38.43,30.86,26.5,60.5,7.25,117.82,coffee
90.74,26.74,25.77,26.53,57.87,6.41,115.29,coffee
108.79,35.85,28.95,25.82,54.55,6.93,116.03,coffee
99.55,31.11,34.18,24.91,65.3,6.9,193.8,coffee
95.94,22.98,33.87,23.25,52.73,6.12,186.66,coffee
80.42,36.54,29.51,23.02,58.03,6.28,168.07,coffee
107.17,27.19,25.41,26.28,66.84,7.08,185.55,coffee
88.02,37.22,28.22,23.07,66.87,7.41,170.72,coffee
89.26,21.29,29.67,27.49,52.99,7.24,139.76,coffee
112.34,38.01,29.27,24.83,66.04,6.79,173.18,coffee
