temperature,humidity,moisture,soil_type,crop_type,nitrogen,potassium,phosphorus,fertilizer
30.8,47.0,31.2,Red,Wheat,42.6,17.0,22.3,10-26-26
33.0,82.2,25.0,Clayey,Maize,59.8,37.2,18.5,14-35-14
25.2,67.5,30.6,Red,Ground Nuts,40.8,44.1,42.3,17-17-17
37.7,61.0,59.4,Black,Sugarcane,70.6,5.3,14.0,10-26-26
26.9,40.7,34.2,Red,Maize,11.0,64.4,67.3,Urea
24.7,69.8,37.5,Black,Rice,63.4,8.7,15.9,10-26-26
27.1,81.7,54.1,Loamy,Maize,54.7,15.4,16.4,10-26-26
29.7,66.4,63.6,Clayey,Maize,32.1,55.4,25.5,20-20
37.8,74.8,32.9,Sandy,Ground Nuts,35.1,49.1,51.3,17-17-17
30.9,81.7,51.0,Black,Rice,57.4,34.0,22.5,14-35-14
30.6,52.4,47.4,Clayey,Chickpea,14.6,74.0,78.9,Urea
33.9,62.2,45.9,Loamy,Sugarcane,43.6,37.2,35.5,17-17-17
30.1,71.3,30.6,Sandy,Kidneybeans,67.2,9.1,15.8,10-26-26
22.9,81.8,57.3,Black,Chickpea,47.7,51.1,52.4,17-17-17
36.1,54.3,29.4,Red,Sugarcane,14.6,72.7,16.4,28-28
23.0,64.0,44.4,Black,Sugarcane,22.3,49.8,50.8,Urea
26.5,83.7,63.5,Sandy,Kidneybeans,37.6,31.0,16.5,14-35-14
37.6,58.5,26.3,Sandy,Rice,13.6,67.2,65.4,Urea
24.4,70.2,55.5,Red,Cotton,39.8,42.4,49.6,17-17-17
27.2,76.7,56.9,Loamy,Cotton,13.0,67.8,17.6,28-28
20.3,63.0,34.1,Red,Kidneybeans,49.4,38.8,11.0,14-35-14
22.5,55.3,29.5,Loamy,Wheat,81.6,10.2,22.5,10-26-26
29.3,51.7,64.9,Loamy,Ground Nuts,29.3,75.3,18.4,28-28
26.3,72.7,60.9,Sandy,Ground Nuts,79.9,17.8,20.6,10-26-26
34.1,70.1,48.2,Sandy,Wheat,41.2,44.5,24.0,14-35-14
32.5,69.3,34.0,Loamy,Maize,68.5,53.0,9.0,DAP
25.5,64.4,45.4,Black,Rice,22.7,63.6,13.8,28-28
36.1,68.4,56.8,Clayey,Chickpea,30.1,62.2,31.5,20-20
30.3,74.6,26.7,Red,Chickpea,54.9,40.6,44.4,17-17-17
37.2,54.9,47.1,Black,Ground Nuts,31.4,47.6,39.6,20-20
24.8,61.8,39.9,Clayey,Sugarcane,42.9,53.6,51.9,17-17-17
26.5,51.4,36.8,Loamy,Cotton,26.5,49.8,37.0,20-20
27.6,51.5,49.5,Clayey,Sugarcane,21.6,67.0,20.1,20-20
32.6,75.8,60.6,Sandy,Wheat,16.8,43.8,15.6,28-28
22.8,84.2,58.6,Black,Ground Nuts,78.7,5.8,10.0,10-26-26
29.4,74.6,33.6,Black,Pigeonpeas,68.0,6.0,6.7,10-26-26
22.5,46.0,63.8,Black,Sugarcane,24.3,56.0,10.6,28-28
24.5,48.3,28.2,Red,Sugarcane,42.8,26.2,19.7,14-35-14
24.3,44.2,32.3,Sandy,Maize,77.4,60.7,15.9,DAP
33.1,42.1,47.6,Clayey,Cotton,47.1,11.8,7.4,10-26-26
25.6,84.1,32.0,Clayey,Rice,10.3,72.3,21.5,28-28
27.2,67.7,50.4,Sandy,Pigeonpeas,10.9,65.0,15.6,28-28
31.9,47.3,27.8,Sandy,Wheat,65.7,63.4,5.5,DAP
32.2,65.8,30.1,Red,Wheat,54.3,37.5,22.0,14-35-14
36.3,48.8,27.8,Sandy,Wheat,7.5,43.8,40.7,Urea
26.9,70.7,38.6,Sandy,Wheat,37.8,38.9,16.4,14-35-14
33.2,76.2,36.3,Clayey,Wheat,47.1,72.3,17.8,DAP
26.7,74.9,38.6,Black,Kidneybeans,28.3,57.2,74.3,Urea
21.9,80.6,45.2,Sandy,Chickpea,51.5,52.9,41.4,17-17-17
35.2,56.0,63.3,Red,Ground Nuts,21.9,59.7,59.3,Urea
30.8,64.9,33.5,Clayey,Chickpea,53.9,37.3,50.6,17-17-17
37.9,42.5,54.5,Loamy,Sugarcane,45.9,54.4,49.1,17-17-17
21.8,43.8,53.0,Loamy,Rice,6.8,68.2,72.9,Urea
24.2,66.2,59.5,Clayey,Pigeonpeas,52.6,53.2,39.7,17-17-17
26.8,43.8,56.1,Red,Kidneybeans,46.2,53.1,43.5,17-17-17
28.4,42.5,29.8,Black,Maize,45.3,19.9,18.0,10-26-26
26.7,52.9,59.7,Red,Ground Nuts,39.5,35.2,54.3,17-17-17
20.8,81.6,61.8,Clayey,Pigeonpeas,40.1,36.5,48.9,17-17-17
32.5,60.5,50.1,Sandy,Rice,66.3,5.9,23.0,10-26-26
27.1,44.8,38.4,Loamy,Wheat,13.4,55.5,19.7,28-28
37.5,84.4,52.9,Loamy,Pigeonpeas,20.7,72.6,14.6,28-28
34.8,82.7,54.0,Clayey,Chickpea,22.3,77.3,16.3,28-28
20.5,56.9,57.4,Black,Pigeonpeas,79.5,63.8,7.6,DAP
34.9,65.6,27.5,Sandy,Cotton,41.7,5.3,7.7,10-26-26
29.6,73.7,61.5,Red,Rice,66.3,20.1,19.5,10-26-26
28.1,45.8,63.2,Sandy,Pigeonpeas,48.2,38.4,11.9,14-35-14
20.4,62.4,44.0,Red,Wheat,73.3,72.7,10.2,DAP
30.6,61.6,41.8,Clayey,Ground Nuts,25.7,72.2,19.6,28-28
26.3,66.5,40.7,Red,Maize,59.7,12.0,23.1,10-26-26
36.4,53.4,45.9,Sandy,Wheat,34.0,61.1,35.9,20-20
24.6,60.7,64.2,Loamy,Rice,17.3,65.3,53.2,Urea
28.3,66.3,41.0,Black,Ground Nuts,50.9,38.9,11.1,14-35-14
29.3,83.8,49.1,Black,Chickpea,10.6,53.8,72.9,Urea
21.6,45.4,43.4,Clayey,Cotton,48.3,60.1,11.2,DAP
21.7,61.7,52.5,Black,Ground Nuts,45.2,42.5,38.1,17-17-17
34.5,73.7,32.4,Loamy,Kidneybeans,10.2,59.4,54.8,Urea
29.6,72.4,27.5,Red,Sugarcane,45.9,67.5,7.3,DAP
28.1,64.0,34.7,Black,Maize,52.1,5.4,12.5,10-26-26
21.6,64.1,34.3,Sandy,Sugarcane,13.6,54.2,59.0,Urea
21.6,64.2,48.5,Clayey,Maize,23.6,45.1,57.3,Urea
36.2,67.3,34.8,Clayey,Cotton,17.5,77.3,53.2,Urea
26.6,62.0,59.0,Clayey,Cotton,36.8,36.1,51.1,17-17-17
20.3,71.4,64.9,Black,Chickpea,27.4,76.7,63.0,Urea
33.0,76.9,53.7,Sandy,Wheat,64.1,21.8,14.5,10-26-26
32.8,49.0,54.4,Loamy,Cotton,45.6,50.4,49.1,17-17-17
25.8,66.7,39.8,Clayey,Kidneybeans,29.1,64.2,31.0,20-20
34.6,51.5,52.3,Clayey,Wheat,70.4,58.9,15.1,DAP
35.3,73.6,41.3,Black,Rice,82.0,9.1,24.8,10-26-26
33.3,65.9,58.7,Black,Rice,34.2,29.0,21.5,14-35-14
23.4,50.6,50.4,Black,Pigeonpeas,38.2,65.6,26.3,20-20
29.7,59.7,48.1,Black,Cotton,54.2,61.3,11.7,DAP
22.1,82.3,50.1,Black,Sugarcane,41.7,50.9,37.8,17-17-17
33.3,65.8,64.9,Sandy,Kidneybeans,50.0,50.6,49.1,17-17-17
32.9,62.2,55.2,Red,Cotton,7.6,55.2,61.5,Urea
29.0,64.3,44.5,Red,Wheat,43.2,35.2,50.4,17-17-17
29.8,51.3,38.8,Black,Kidneybeans,35.4,36.7,23.4,14-35-14
29.1,67.5,25.7,Loamy,Wheat,79.2,16.3,23.6,10-26-26
20.4,69.3,55.8,Clayey,Wheat,17.5,43.1,11.0,28-28
36.4,45.5,34.4,Sandy,Cotton,23.3,74.3,23.7,20-20
30.9,57.1,54.8,Black,Wheat,10.1,64.1,71.5,Urea
35.5,81.5,43.6,Red,Ground Nuts,44.4,36.7,23.6,14-35-14
24.5,66.0,31.6,Red,Chickpea,31.0,40.6,13.3,14-35-14
31.9,48.0,63.4,Loamy,Maize,34.5,26.7,15.0,14-35-14
30.7,43.0,55.0,Sandy,Sugarcane,39.2,39.1,53.0,17-17-17
30.6,53.2,53.6,Sandy,Wheat,45.6,44.6,45.7,17-17-17
23.3,78.8,62.8,Black,Kidneybeans,27.5,67.5,25.4,20-20
37.6,77.8,59.7,Sandy,Sugarcane,18.2,50.2,18.3,28-28
21.9,76.0,32.1,Black,Wheat,69.4,7.0,9.8,10-26-26
37.0,46.3,41.3,Black,Kidneybeans,26.5,67.2,21.7,20-20
22.2,79.4,50.7,Clayey,Chickpea,22.6,65.0,76.4,Urea
26.5,41.5,58.2,Loamy,Maize,40.4,32.3,21.2,14-35-14
37.1,74.4,30.6,Red,Chickpea,52.4,52.9,44.7,17-17-17
29.2,73.4,53.0,Loamy,Chickpea,15.1,65.8,48.7,Urea
24.9,40.8,61.6,Red,Maize,22.4,54.6,31.5,20-20
29.0,72.4,29.3,Clayey,Ground Nuts,8.5,50.7,50.5,Urea
28.9,65.8,58.5,Loamy,Ground Nuts,42.1,33.4,21.1,14-35-14
33.3,43.7,49.1,Red,Cotton,49.8,51.5,11.6,DAP
31.0,82.7,40.9,Sandy,Sugarcane,29.1,59.4,12.0,28-28
22.9,77.9,58.9,Red,Kidneybeans,78.2,64.9,7.6,DAP
21.4,72.8,44.8,Clayey,Ground Nuts,67.5,49.9,12.4,DAP
20.0,83.5,25.2,Loamy,Pigeonpeas,33.1,41.1,13.3,14-35-14
37.1,60.1,32.4,Clayey,Rice,18.5,69.3,74.9,Urea
33.0,68.7,64.2,Sandy,Sugarcane,53.1,48.9,47.9,17-17-17
38.0,65.0,43.9,Clayey,Sugarcane,12.8,69.2,44.8,Urea
34.3,73.5,27.2,Loamy,Sugarcane,43.7,37.9,16.9,14-35-14
35.9,63.9,42.6,Black,Maize,28.1,73.1,31.4,20-20
25.7,68.2,60.4,Clayey,Cotton,22.3,41.0,13.5,28-28
23.3,57.3,62.3,Loamy,Sugarcane,42.8,42.1,5.2,DAP
28.6,66.1,35.9,Clayey,Pigeonpeas,15.0,53.5,43.7,Urea
24.3,45.0,39.2,Clayey,Rice,15.7,49.3,14.4,28-28
37.8,59.2,40.4,Sandy,Pigeonpeas,22.0,78.0,48.7,Urea
37.7,79.8,49.0,Clayey,Cotton,53.1,49.9,54.8,17-17-17
37.0,69.2,49.3,Black,Wheat,20.3,47.1,13.5,28-28
37.2,77.2,57.0,Sandy,Rice,65.2,60.7,8.7,DAP
23.1,57.8,55.3,Loamy,Rice,23.9,72.6,12.3,28-28
33.5,41.6,60.8,Clayey,Wheat,37.2,58.7,29.1,20-20
20.8,78.3,26.4,Red,Ground Nuts,39.9,39.7,23.8,14-35-14
24.7,72.6,44.8,Red,Cotton,43.2,67.3,8.7,DAP
21.1,79.7,45.6,Clayey,Rice,53.1,48.2,46.4,17-17-17
35.8,75.9,51.3,Clayey,Rice,55.5,39.2,22.7,14-35-14
36.7,44.8,53.0,Clayey,Ground Nuts,35.7,44.2,23.0,14-35-14
20.1,76.9,34.1,Black,Sugarcane,27.7,62.2,40.0,Urea
23.5,43.8,38.1,Clayey,Sugarcane,46.2,42.5,37.3,17-17-17
25.1,40.8,42.3,Black,Cotton,51.8,38.6,42.8,17-17-17
36.9,71.0,27.7,Clayey,Cotton,41.0,36.3,49.2,17-17-17
31.2,42.1,59.9,Sandy,Cotton,78.9,70.0,21.5,DAP
21.2,77.0,39.9,Red,Sugarcane,54.6,25.0,12.3,14-35-14
27.7,60.3,31.5,Loamy,Kidneybeans,71.8,48.8,16.8,DAP
22.4,79.1,63.5,Red,Cotton,41.3,76.4,17.4,DAP
27.2,52.3,64.4,Black,Kidneybeans,43.2,39.6,52.9,17-17-17
31.7,56.6,59.6,Black,Rice,44.5,38.7,54.4,17-17-17
22.8,60.4,46.2,Clayey,Pigeonpeas,5.4,51.8,71.9,Urea
23.3,60.8,25.0,Loamy,Chickpea,22.0,49.9,19.1,28-28
30.5,52.1,56.9,Sandy,Cotton,12.8,40.5,58.2,Urea
25.2,71.3,59.4,Loamy,Cotton,71.2,59.2,5.7,DAP
30.3,40.8,44.3,Sandy,Ground Nuts,10.3,71.0,53.8,Urea
29.3,44.0,39.0,Red,Rice,41.3,55.9,6.3,DAP
34.8,41.9,51.8,Loamy,Maize,78.1,75.8,7.1,DAP
31.0,53.4,62.4,Sandy,Sugarcane,28.7,71.3,65.0,Urea
31.9,64.9,48.9,Black,Sugarcane,75.3,5.8,14.6,10-26-26
21.1,51.1,31.4,Loamy,Maize,27.4,79.0,13.3,28-28
35.7,59.5,26.7,Clayey,Wheat,13.2,66.1,10.3,28-28
21.5,58.1,33.8,Sandy,Chickpea,43.4,51.8,39.1,17-17-17
27.7,55.6,39.8,Clayey,Wheat,29.7,74.7,41.6,Urea
27.1,67.3,48.9,Red,Pigeonpeas,24.8,79.7,66.2,Urea
31.2,68.4,54.3,Clayey,Chickpea,45.3,76.4,17.2,DAP
23.3,78.4,44.7,Loamy,Maize,51.1,13.9,22.4,10-26-26
30.7,47.4,40.6,Sandy,Kidneybeans,83.6,18.1,10.2,10-26-26
30.8,57.8,34.5,Sandy,Wheat,50.6,13.8,22.7,10-26-26
27.8,51.2,49.7,Clayey,Ground Nuts,68.3,46.7,7.8,DAP
26.4,64.0,56.3,Black,Pigeonpeas,22.6,74.6,57.9,Urea
24.9,42.6,46.2,Red,Kidneybeans,38.7,49.3,20.8,20-20
21.6,44.6,48.4,Clayey,Pigeonpeas,33.8,61.8,27.9,20-20
25.8,83.8,48.2,Black,Maize,37.6,31.9,16.9,14-35-14
20.5,53.9,53.2,Red,Sugarcane,24.0,78.9,33.5,20-20
35.6,48.0,52.7,Clayey,Cotton,26.0,67.3,77.8,Urea
35.0,78.9,55.7,Loamy,Rice,44.5,76.7,18.5,DAP
32.0,66.0,38.9,Black,Pigeonpeas,9.0,52.7,64.2,Urea
35.7,75.2,47.7,Sandy,Ground Nuts,23.5,56.2,75.1,Urea
27.9,80.6,60.1,Red,Cotton,26.3,58.1,37.4,20-20
25.8,56.5,40.8,Sandy,Pigeonpeas,33.9,60.7,27.8,20-20
24.1,43.3,49.1,Sandy,Chickpea,21.7,58.5,64.8,Urea
29.3,61.6,26.0,Clayey,Wheat,40.2,33.0,14.5,14-35-14
30.9,74.4,57.5,Red,Kidneybeans,49.4,35.4,54.1,17-17-17
36.1,43.2,63.2,Black,Sugarcane,69.5,8.9,12.6,10-26-26
23.0,67.8,45.9,Black,Maize,48.4,45.6,53.6,17-17-17
27.2,84.0,57.9,Red,Maize,60.9,74.4,7.1,DAP
25.3,75.7,32.4,Clayey,Sugarcane,81.3,6.7,13.5,10-26-26
29.5,45.1,25.1,Sandy,Wheat,32.8,65.8,30.3,20-20
27.4,77.8,61.0,Sandy,Wheat,54.1,71.2,9.0,DAP
27.6,70.0,28.8,Black,Kidneybeans,65.0,63.5,12.7,DAP
35.6,61.3,46.4,Sandy,Chickpea,48.0,9.6,11.2,10-26-26
27.0,66.8,44.9,Black,Ground Nuts,84.5,18.9,7.7,10-26-26
28.0,72.6,25.6,Loamy,Cotton,40.2,37.1,21.9,14-35-14
33.9,51.9,50.8,Loamy,Sugarcane,31.9,57.8,28.0,20-20
21.2,63.4,27.7,Sandy,Sugarcane,36.0,63.9,24.7,20-20
29.6,54.6,38.3,Loamy,Chickpea,33.4,68.2,39.9,20-20
28.0,55.0,48.2,Black,Maize,7.2,65.4,78.5,Urea
29.6,44.4,43.0,Sandy,Sugarcane,74.0,18.3,12.0,10-26-26
27.2,46.9,64.7,Black,Sugarcane,28.5,73.7,18.1,28-28
24.6,75.5,59.6,Red,Cotton,47.2,38.2,45.1,17-17-17
24.1,55.4,40.2,Red,Rice,41.9,45.2,39.8,17-17-17
37.0,79.3,31.5,Red,Sugarcane,53.6,36.3,17.8,14-35-14
22.1,76.8,40.2,Loamy,Rice,27.6,72.2,23.0,28-28
25.8,41.0,31.2,Red,Ground Nuts,50.1,16.5,24.1,10-26-26
22.4,78.8,61.9,Sandy,Maize,59.5,70.6,15.3,DAP
37.2,77.1,51.7,Red,Chickpea,37.4,45.1,44.6,17-17-17
27.9,44.8,50.6,Red,Kidneybeans,49.7,18.0,17.4,10-26-26
34.1,60.7,27.3,Black,Pigeonpeas,59.8,38.9,9.0,14-35-14
22.6,45.5,37.1,Black,Ground Nuts,7.5,42.5,67.7,Urea
24.1,50.5,33.8,Red,Sugarcane,13.5,73.9,19.8,28-28
27.3,69.4,39.2,Clayey,Kidneybeans,61.0,47.1,13.2,DAP
27.5,61.7,25.8,Clayey,Sugarcane,40.2,37.7,50.2,17-17-17
25.8,77.5,50.2,Clayey,Rice,48.9,5.9,6.3,10-26-26
29.9,60.4,58.8,Black,Rice,7.5,46.0,59.5,Urea
28.6,56.9,40.8,Red,Maize,19.2,75.7,21.8,28-28
25.7,71.0,42.5,Sandy,Wheat,11.4,41.5,73.6,Urea
31.9,80.3,50.5,Clayey,Sugarcane,22.3,60.7,11.0,28-28
28.0,42.2,26.5,Clayey,Rice,52.4,41.0,19.2,14-35-14
29.2,57.4,43.5,Sandy,Pigeonpeas,59.7,43.8,24.5,14-35-14
23.1,44.4,51.4,Red,Chickpea,52.9,25.4,12.5,14-35-14
33.8,68.1,40.3,Sandy,Wheat,14.1,64.6,11.8,28-28
37.3,61.5,60.8,Sandy,Ground Nuts,26.4,61.6,22.5,20-20
36.6,63.4,49.7,Clayey,Pigeonpeas,46.3,44.4,5.7,DAP
26.8,64.8,40.5,Sandy,Ground Nuts,46.5,77.1,9.7,DAP
31.6,52.9,57.6,Black,Rice,27.2,76.8,22.7,28-28
37.6,73.7,47.3,Clayey,Pigeonpeas,47.2,52.8,5.9,DAP
36.9,41.9,31.6,Black,Ground Nuts,22.6,73.6,34.5,20-20
35.1,73.0,46.7,Black,Sugarcane,66.6,11.0,15.2,10-26-26
30.4,79.5,42.4,Clayey,Sugarcane,34.8,41.2,17.5,14-35-14
37.9,44.5,41.1,Clayey,Chickpea,26.0,62.2,13.1,28-28
26.4,75.3,47.2,Black,Maize,20.1,46.2,35.2,20-20
33.7,70.5,55.3,Sandy,Maize,26.0,60.1,58.8,Urea
33.0,79.9,48.7,Red,Kidneybeans,55.7,67.8,12.0,DAP
23.0,48.2,40.5,Loamy,Cotton,43.0,45.2,52.5,17-17-17
32.7,42.4,44.5,Clayey,Sugarcane,48.0,25.5,18.2,14-35-14
21.1,55.0,56.4,Sandy,Chickpea,51.2,35.3,21.4,14-35-14
33.2,50.6,39.9,Red,Sugarcane,36.3,50.3,51.0,17-17-17
31.6,59.0,50.4,Red,Cotton,24.6,56.4,44.7,Urea
30.3,66.4,32.4,Red,Sugarcane,27.2,45.9,26.7,20-20
29.3,53.4,62.6,Clayey,Cotton,11.5,74.9,57.2,Urea
34.4,60.6,44.3,Clayey,Kidneybeans,37.7,49.6,36.6,17-17-17
34.0,40.3,27.3,Black,Rice,49.0,56.0,7.2,DAP
20.2,52.7,26.8,Sandy,Kidneybeans,10.7,51.0,14.1,28-28
27.7,78.0,35.7,Loamy,Cotton,23.1,46.6,37.1,20-20
26.2,54.2,55.9,Loamy,Ground Nuts,43.5,69.3,9.0,DAP
30.1,82.2,27.1,Red,Wheat,42.6,39.6,12.4,14-35-14
22.6,72.6,32.6,Clayey,Maize,53.5,77.9,10.2,DAP
20.4,72.4,41.7,Sandy,Ground Nuts,11.8,61.8,20.3,28-28
27.3,64.4,56.7,Clayey,Maize,46.0,39.5,47.3,17-17-17
22.5,69.9,33.6,Sandy,Pigeonpeas,43.9,58.4,19.7,DAP
34.2,45.0,39.2,Red,Wheat,84.0,14.9,20.9,10-26-26
29.8,74.1,55.2,Clayey,Kidneybeans,40.8,18.2,7.5,10-26-26
30.1,73.8,47.3,Red,Ground Nuts,21.1,53.7,11.4,28-28
34.4,56.7,43.1,Sandy,Kidneybeans,17.9,57.6,11.4,28-28
25.2,75.7,48.1,Red,Wheat,49.0,32.9,21.6,14-35-14
30.0,47.5,49.5,Loamy,Kidneybeans,27.3,50.9,37.9,20-20
20.6,56.4,54.3,Sandy,Rice,36.4,73.0,26.3,20-20
34.5,62.7,63.7,Black,Ground Nuts,28.4,68.4,39.7,20-20
37.9,84.1,51.2,Loamy,Kidneybeans,37.6,36.9,48.7,17-17-17
36.0,43.6,54.3,Sandy,Kidneybeans,13.7,72.8,22.9,28-28
28.5,77.0,43.4,Black,Ground Nuts,54.3,73.1,13.4,DAP
22.0,43.9,53.8,Loamy,Pigeonpeas,18.4,69.6,23.6,28-28
27.8,66.0,54.5,Loamy,Ground Nuts,72.2,50.2,19.3,DAP
25.9,70.9,27.8,Red,Maize,9.4,49.1,74.2,Urea
35.6,49.7,39.4,Black,Kidneybeans,43.1,13.2,20.3,10-26-26
33.8,75.5,51.6,Red,Rice,15.2,66.8,23.6,28-28
28.0,60.7,59.6,Black,Maize,64.6,24.5,12.6,10-26-26
20.3,59.0,26.1,Black,Kidneybeans,39.3,69.8,22.5,20-20
33.6,76.2,25.7,Black,Chickpea,39.3,55.7,34.5,20-20
35.7,45.1,53.1,Sandy,Chickpea,64.3,9.8,6.9,10-26-26
34.8,43.3,34.1,Red,Ground Nuts,23.3,42.6,64.0,Urea
25.9,55.3,64.6,Loamy,Ground Nuts,22.5,73.5,18.0,28-28
24.8,75.5,47.9,Red,Chickpea,33.2,52.7,25.0,20-20
21.7,80.9,51.8,Sandy,Pigeonpeas,26.6,62.9,23.2,28-28
27.8,74.8,49.1,Red,Cotton,52.9,47.1,43.9,17-17-17
32.6,50.7,45.5,Red,Ground Nuts,33.1,34.8,14.5,14-35-14
24.9,61.3,64.4,Red,Maize,25.4,76.2,28.1,20-20
20.8,46.3,36.1,Sandy,Cotton,78.9,59.3,10.6,DAP
23.7,63.2,25.2,Black,Kidneybeans,20.2,46.3,24.4,20-20
34.4,65.7,45.5,Sandy,Sugarcane,15.9,55.9,24.0,28-28
34.7,63.9,60.2,Sandy,Ground Nuts,46.5,48.5,35.6,17-17-17
27.0,72.8,60.3,Black,Rice,33.4,68.6,25.2,20-20
37.2,72.5,59.5,Clayey,Sugarcane,5.1,73.2,68.7,Urea
24.6,69.9,57.0,Red,Maize,21.6,63.9,43.7,Urea
27.3,54.4,55.0,Sandy,Rice,18.3,65.9,19.7,28-28
22.5,45.2,31.2,Black,Maize,35.2,39.8,18.8,14-35-14
34.8,71.3,46.3,Black,Wheat,44.0,43.0,36.7,17-17-17
23.9,61.0,57.7,Clayey,Rice,36.3,52.0,42.7,17-17-17
29.8,78.8,48.6,Black,Sugarcane,14.5,58.0,15.8,28-28
25.7,66.2,39.8,Sandy,Sugarcane,22.0,67.5,20.6,28-28
23.0,69.1,26.8,Loamy,Wheat,74.3,11.8,23.9,10-26-26
31.5,55.3,27.9,Red,Maize,56.4,67.1,10.3,DAP
30.4,65.2,29.2,Loamy,Kidneybeans,38.3,39.6,54.4,17-17-17
21.8,49.4,62.0,Black,Kidneybeans,42.4,31.3,14.7,14-35-14
35.0,56.7,40.0,Clayey,Pigeonpeas,44.5,54.9,43.9,17-17-17
20.6,83.7,55.9,Sandy,Kidneybeans,29.5,61.3,59.1,Urea
27.9,53.6,35.4,Clayey,Sugarcane,38.9,41.8,36.2,17-17-17
29.8,47.4,48.3,Clayey,Sugarcane,30.0,72.7,12.3,28-28
33.2,53.5,38.0,Black,Rice,25.9,69.2,16.9,28-28
32.8,80.8,30.3,Clayey,Rice,21.9,54.1,19.0,28-28
22.4,75.6,30.0,Red,Cotton,75.7,22.5,10.5,10-26-26
28.3,84.1,44.3,Sandy,Chickpea,27.3,55.0,18.8,28-28
30.1,59.9,49.2,Black,Rice,38.4,70.4,27.2,20-20
28.0,67.1,48.7,Black,Maize,51.1,54.9,44.5,17-17-17
31.5,53.4,34.6,Clayey,Rice,16.2,41.2,13.8,28-28
20.3,61.5,52.5,Clayey,Sugarcane,72.5,7.7,18.9,10-26-26
26.0,73.0,46.1,Clayey,Maize,35.9,52.0,39.8,20-20
25.3,40.6,54.5,Sandy,Wheat,73.4,45.7,17.6,DAP
33.8,78.1,49.5,Red,Ground Nuts,36.8,36.6,44.8,17-17-17
29.9,68.4,48.1,Black,Chickpea,24.0,44.0,10.1,28-28
22.0,77.9,34.7,Loamy,Wheat,29.6,69.9,22.9,20-20
25.1,76.2,62.2,Red,Maize,58.2,11.4,23.1,10-26-26
31.5,84.1,49.1,Sandy,Rice,42.2,37.5,48.0,17-17-17
31.2,43.2,52.3,Loamy,Kidneybeans,11.0,72.9,68.6,Urea
33.0,58.1,31.3,Red,Sugarcane,79.7,19.4,21.5,10-26-26
25.7,40.0,45.4,Red,Rice,6.2,68.3,51.0,Urea
20.1,51.1,54.6,Loamy,Wheat,54.2,12.2,7.0,10-26-26
25.6,75.5,60.7,Sandy,Maize,43.0,32.5,23.5,14-35-14
22.1,41.9,47.6,Black,Pigeonpeas,28.6,67.0,22.7,28-28
35.8,48.2,36.1,Clayey,Pigeonpeas,45.8,23.9,18.5,10-26-26
34.1,69.0,26.9,Clayey,Kidneybeans,14.0,60.0,78.3,Urea
31.4,74.7,25.1,Black,Maize,26.5,62.1,47.4,Urea
31.8,61.3,60.2,Loamy,Ground Nuts,14.3,64.3,20.2,28-28
36.8,45.7,54.5,Sandy,Wheat,79.0,67.3,5.9,DAP
21.5,41.9,51.7,Sandy,Kidneybeans,36.5,64.0,35.6,20-20
36.4,77.7,53.4,Clayey,Pigeonpeas,82.7,19.7,5.6,10-26-26
24.8,72.6,60.1,Sandy,Cotton,20.8,71.7,28.0,20-20
29.4,83.9,30.0,Red,Rice,40.8,21.1,20.4,10-26-26
27.8,54.9,38.7,Clayey,Cotton,69.6,65.7,8.8,DAP
31.6,83.8,58.9,Black,Pigeonpeas,10.5,71.3,23.5,28-28
22.7,80.5,53.4,Clayey,Cotton,28.4,58.9,64.1,Urea
37.2,82.4,56.4,Red,Kidneybeans,29.8,78.5,18.2,28-28
24.1,48.8,30.6,Sandy,Rice,22.4,63.1,21.7,28-28
29.5,80.8,31.6,Clayey,Pigeonpeas,49.3,43.9,21.8,14-35-14
36.0,71.8,27.5,Red,Ground Nuts,22.9,67.1,20.2,20-20
25.4,74.2,39.2,Sandy,Maize,58.5,37.4,24.4,14-35-14
23.0,60.0,33.4,Loamy,Chickpea,21.0,79.3,36.9,20-20
22.0,68.6,44.9,Loamy,Cotton,43.1,45.5,54.1,17-17-17
27.9,66.7,27.9,Black,Pigeonpeas,22.4,47.6,24.7,28-28
32.6,57.8,63.1,Clayey,Maize,59.0,42.1,14.7,14-35-14
28.2,75.2,63.4,Red,Rice,35.3,66.1,37.1,20-20
26.4,81.7,34.1,Loamy,Kidneybeans,47.7,41.4,39.4,17-17-17
27.7,41.3,44.2,Black,Cotton,66.5,51.6,7.0,DAP
37.9,42.0,55.4,Black,Maize,56.7,20.1,12.8,10-26-26
28.0,52.4,49.9,Black,Rice,59.8,36.5,14.6,14-35-14
24.3,48.6,61.7,Red,Rice,44.1,48.8,13.6,DAP
23.2,79.0,36.3,Clayey,Rice,28.8,57.5,63.3,Urea
25.9,77.8,30.8,Clayey,Chickpea,42.9,41.9,23.4,14-35-14
34.8,80.0,46.8,Clayey,Kidneybeans,39.1,40.9,40.1,17-17-17
26.6,53.3,60.2,Red,Ground Nuts,60.7,21.5,6.9,10-26-26
32.5,74.7,51.2,Clayey,Kidneybeans,46.8,15.8,22.5,10-26-26
27.1,64.6,46.3,Clayey,Pigeonpeas,21.8,54.5,10.9,28-28
24.1,53.7,37.2,Loamy,Wheat,10.8,69.2,40.1,Urea
33.2,68.8,41.6,Red,Cotton,25.2,75.8,19.1,28-28
23.3,56.7,61.1,Sandy,Chickpea,51.1,50.1,54.7,17-17-17
31.9,43.5,46.8,Clayey,Wheat,49.2,50.6,38.3,17-17-17
24.8,67.1,36.9,Sandy,Cotton,22.9,44.1,70.4,Urea
26.6,82.0,58.1,Sandy,Chickpea,22.4,58.5,68.6,Urea
35.3,55.5,26.2,Loamy,Sugarcane,6.3,48.5,45.7,Urea
35.4,71.6,54.1,Red,Pigeonpeas,21.2,59.9,24.2,28-28
34.2,73.0,40.4,Loamy,Kidneybeans,30.8,25.2,22.3,14-35-14
27.9,50.6,53.2,Sandy,Maize,72.7,78.7,14.3,DAP
25.6,61.7,29.7,Clayey,Rice,58.8,44.0,20.1,14-35-14
22.8,53.9,36.6,Black,Ground Nuts,56.1,40.9,19.4,14-35-14
35.0,80.8,25.5,Black,Maize,70.3,16.0,6.0,10-26-26
26.4,68.0,38.4,Clayey,Pigeonpeas,34.7,47.4,28.1,20-20
27.8,70.8,38.3,Sandy,Maize,31.7,43.9,14.4,14-35-14
33.2,45.2,56.2,Red,Cotton,50.7,54.8,47.0,17-17-17
37.6,43.0,45.7,Loamy,Ground Nuts,47.2,44.5,21.5,DAP
23.4,66.2,33.2,Sandy,Pigeonpeas,30.4,66.2,21.5,20-20
24.8,52.9,51.3,Sandy,Chickpea,78.7,43.1,15.3,DAP
21.7,67.0,49.9,Red,Ground Nuts,48.0,35.3,40.3,17-17-17
32.7,67.5,37.5,Black,Ground Nuts,38.1,42.3,18.2,14-35-14
22.8,82.5,54.5,Black,Ground Nuts,27.1,63.5,48.1,Urea
20.3,66.2,35.1,Sandy,Rice,58.0,56.0,21.3,DAP
37.6,44.6,25.3,Loamy,Cotton,43.7,50.0,36.9,17-17-17
27.8,72.6,25.4,Sandy,Kidneybeans,66.5,17.8,17.3,10-26-26
23.7,69.4,57.7,Loamy,Kidneybeans,42.0,41.2,20.5,DAP
21.4,81.0,39.2,Sandy,Pigeonpeas,15.6,63.9,48.6,Urea
34.5,77.0,62.3,Loamy,Maize,61.8,64.7,8.4,DAP
21.2,56.7,61.8,Black,Wheat,19.6,50.8,61.5,Urea
35.5,41.6,56.5,Sandy,Cotton,18.2,65.5,23.1,28-28
28.0,69.2,62.5,Loamy,Wheat,21.3,55.2,36.5,20-20
23.6,66.6,41.3,Loamy,Ground Nuts,44.1,29.2,8.5,14-35-14
31.8,51.7,31.4,Black,Cotton,9.0,47.4,42.8,Urea
33.0,77.2,42.8,Loamy,Sugarcane,51.1,53.5,35.2,17-17-17
24.6,73.4,28.1,Loamy,Sugarcane,56.2,29.3,22.1,14-35-14
31.4,56.8,35.9,Clayey,Kidneybeans,50.4,23.1,11.4,10-26-26
26.3,63.5,56.8,Black,Chickpea,37.7,61.2,26.9,20-20
25.3,60.7,41.4,Sandy,Cotton,34.4,62.1,27.7,20-20
20.0,72.3,54.3,Sandy,Sugarcane,45.3,36.7,38.2,17-17-17
24.3,55.9,29.2,Black,Chickpea,10.6,64.3,60.8,Urea
24.0,83.2,49.7,Black,Cotton,31.1,60.0,28.3,20-20
32.6,47.7,45.0,Black,Wheat,42.4,37.6,22.8,14-35-14
28.9,82.0,42.6,Clayey,Rice,84.1,7.3,15.2,10-26-26
23.7,62.9,41.8,Sandy,Chickpea,40.7,42.8,18.5,DAP
24.0,72.2,60.3,Black,Pigeonpeas,49.6,50.1,48.9,17-17-17
35.2,61.8,38.3,Sandy,Cotton,50.8,38.7,44.0,17-17-17
20.2,58.4,50.9,Sandy,Chickpea,40.6,48.3,9.8,DAP
33.4,78.2,46.8,Red,Ground Nuts,39.6,63.0,29.0,20-20
24.0,55.8,39.9,Red,Chickpea,21.4,61.2,27.4,20-20
31.9,61.8,25.2,Black,Maize,26.1,61.9,21.6,28-28
27.7,64.7,45.8,Red,Wheat,13.8,70.3,67.1,Urea
31.2,73.4,31.8,Clayey,Chickpea,35.8,40.0,23.1,14-35-14
31.8,80.0,48.2,Black,Pigeonpeas,20.8,59.0,46.3,Urea
27.0,66.5,32.4,Black,Cotton,47.0,52.4,52.2,17-17-17
30.5,46.0,42.8,Red,Rice,58.0,57.2,21.3,DAP
36.9,68.6,38.0,Sandy,Chickpea,25.4,69.3,23.8,20-20
34.8,42.8,56.1,Black,Kidneybeans,51.4,54.7,44.2,17-17-17
33.5,46.8,33.7,Loamy,Pigeonpeas,19.3,56.6,14.0,28-28
35.4,75.3,42.2,Clayey,Wheat,36.0,39.7,16.7,14-35-14
21.7,73.7,57.5,Clayey,Cotton,71.8,21.5,24.3,10-26-26
38.0,50.9,26.6,Black,Chickpea,18.2,40.9,12.0,28-28
27.3,40.6,28.2,Clayey,Chickpea,39.4,25.3,8.3,14-35-14
20.7,77.7,49.8,Sandy,Kidneybeans,62.5,74.6,15.6,DAP
21.2,68.7,54.3,Black,Ground Nuts,67.0,63.2,7.4,DAP
26.2,63.7,33.5,Black,Maize,59.9,38.0,24.7,14-35-14
36.9,62.7,63.0,Loamy,Kidneybeans,25.8,74.5,54.5,Urea
31.4,42.4,50.8,Black,Pigeonpeas,83.8,16.1,6.4,10-26-26
23.2,71.7,43.2,Red,Rice,21.7,46.8,73.5,Urea
31.0,71.5,58.5,Loamy,Rice,26.1,61.4,24.4,28-28
30.3,52.5,61.9,Clayey,Maize,63.3,54.2,15.1,DAP
21.2,50.4,61.6,Red,Wheat,32.3,69.2,24.9,20-20
23.5,73.2,36.5,Clayey,Wheat,54.1,25.6,25.0,14-35-14
31.1,82.3,56.0,Sandy,Sugarcane,45.1,57.4,10.9,DAP
35.3,82.2,28.4,Sandy,Rice,17.7,48.4,11.1,28-28
21.0,82.4,28.0,Black,Kidneybeans,57.5,79.4,14.0,DAP
22.8,49.3,50.2,Red,Wheat,10.5,73.1,40.8,Urea
32.1,42.8,33.4,Sandy,Kidneybeans,26.2,53.7,12.2,28-28
32.7,67.8,31.2,Loamy,Sugarcane,61.5,11.1,20.6,10-26-26
21.5,60.7,37.3,Red,Sugarcane,54.7,33.4,9.0,14-35-14
30.3,70.0,56.1,Clayey,Ground Nuts,26.6,61.5,52.6,Urea
33.8,82.3,25.6,Clayey,Rice,63.5,18.1,14.4,10-26-26
35.1,56.3,59.4,Red,Cotton,18.1,58.2,14.9,28-28
34.7,63.0,54.4,Clayey,Rice,17.8,56.1,74.8,Urea
22.4,78.5,31.6,Sandy,Cotton,27.1,56.3,17.4,28-28
37.5,65.7,30.7,Clayey,Cotton,27.5,57.9,36.0,20-20
33.1,65.8,38.5,Red,Rice,59.7,30.1,8.4,14-35-14
24.5,51.8,25.0,Loamy,Kidneybeans,52.4,47.5,50.9,17-17-17
24.8,64.9,33.0,Sandy,Cotton,40.9,54.0,39.7,17-17-17
20.1,74.8,53.1,Black,Sugarcane,67.7,15.3,20.2,10-26-26
27.2,77.2,31.8,Clayey,Maize,20.6,56.9,24.1,20-20
28.4,74.8,29.9,Red,Ground Nuts,48.8,42.1,12.7,14-35-14
33.6,49.7,38.4,Sandy,Chickpea,16.6,76.6,70.9,Urea
31.0,49.0,27.2,Red,Rice,47.1,29.2,19.1,14-35-14
30.2,81.8,40.5,Clayey,Pigeonpeas,42.6,73.1,5.3,DAP
24.2,55.5,26.2,Sandy,Rice,39.2,77.7,33.4,20-20
31.8,48.7,36.8,Black,Rice,22.4,60.3,19.0,28-28
25.1,83.4,25.4,Loamy,Rice,34.3,66.8,34.1,20-20
22.6,54.1,59.0,Black,Chickpea,21.8,63.9,39.8,20-20
23.6,47.4,34.6,Loamy,Kidneybeans,24.2,53.7,14.1,28-28
23.4,40.2,27.4,Sandy,Maize,53.1,40.5,48.0,17-17-17
34.7,74.1,27.2,Black,Wheat,30.2,38.3,11.6,14-35-14
35.9,80.3,61.4,Loamy,Sugarcane,52.6,50.9,16.7,DAP
26.2,59.3,58.2,Loamy,Chickpea,8.0,61.3,69.4,Urea
33.2,68.5,48.3,Clayey,Kidneybeans,27.8,46.6,27.1,20-20
21.9,79.3,45.9,Red,Maize,24.0,62.4,16.2,28-28
34.9,76.0,29.2,Sandy,Wheat,21.5,44.7,17.0,28-28
21.2,66.8,54.6,Clayey,Pigeonpeas,35.6,45.6,48.2,17-17-17
25.3,82.2,57.7,Loamy,Wheat,29.7,78.8,13.9,28-28
22.1,41.2,45.9,Loamy,Sugarcane,39.4,46.5,54.8,17-17-17
36.2,73.5,28.1,Loamy,Cotton,27.4,46.3,71.8,Urea
23.8,43.8,43.7,Sandy,Cotton,17.1,48.8,73.6,Urea
33.7,75.2,36.0,Clayey,Cotton,49.2,18.6,5.3,10-26-26
29.6,41.5,44.0,Sandy,Sugarcane,56.3,66.3,7.7,DAP
36.7,78.0,34.0,Red,Rice,49.6,70.9,13.7,DAP
21.4,56.0,47.0,Red,Chickpea,58.1,21.3,21.7,10-26-26
36.2,83.3,42.8,Clayey,Rice,50.0,45.8,45.6,17-17-17
22.8,77.2,26.7,Red,Wheat,43.4,52.6,38.4,17-17-17
25.7,83.6,35.5,Black,Cotton,54.1,6.0,21.7,10-26-26
31.4,68.3,41.1,Black,Sugarcane,25.0,67.1,18.0,28-28
34.8,46.6,58.3,Red,Maize,45.8,43.6,51.9,17-17-17
29.0,59.5,35.0,Clayey,Sugarcane,20.9,76.1,14.1,28-28
34.9,72.1,52.9,Black,Chickpea,26.5,52.4,24.7,20-20
22.4,57.2,49.8,Black,Cotton,29.1,79.9,35.6,20-20
22.2,82.2,32.2,Sandy,Maize,22.5,52.3,13.3,28-28
23.1,58.8,55.3,Sandy,Maize,80.4,12.9,6.7,10-26-26
31.9,67.1,31.5,Sandy,Ground Nuts,50.5,21.7,5.5,10-26-26
36.7,58.9,27.0,Sandy,Maize,35.8,42.9,46.5,17-17-17
34.1,54.1,34.9,Black,Cotton,49.0,46.3,42.3,17-17-17
36.3,56.9,47.0,Loamy,Wheat,21.0,74.1,28.5,20-20
24.1,76.8,62.2,Clayey,Rice,7.4,53.5,58.0,Urea
23.8,73.9,27.1,Clayey,Sugarcane,19.9,53.4,16.6,28-28
23.9,49.4,36.9,Red,Chickpea,28.2,69.4,18.2,28-28
27.4,70.6,27.3,Red,Maize,41.6,18.9,12.8,10-26-26
24.7,79.9,60.8,Black,Cotton,40.9,43.2,39.6,17-17-17
22.5,64.6,29.2,Red,Ground Nuts,20.9,63.7,33.1,20-20
24.9,43.7,64.7,Loamy,Kidneybeans,23.1,79.2,39.8,20-20
29.1,68.7,64.4,Black,Ground Nuts,35.4,60.6,28.7,20-20
30.2,78.3,33.1,Red,Wheat,77.4,72.9,16.7,DAP
30.9,63.6,35.1,Clayey,Kidneybeans,61.2,8.9,14.8,10-26-26
33.8,51.4,59.6,Red,Pigeonpeas,44.6,24.6,7.5,10-26-26
25.8,70.4,48.8,Black,Chickpea,48.1,36.5,19.6,14-35-14
22.6,40.8,43.6,Red,Cotton,38.9,68.1,26.5,20-20
31.7,49.6,29.9,Loamy,Pigeonpeas,34.0,79.9,22.3,20-20
27.4,45.7,26.1,Sandy,Maize,64.9,73.7,18.7,DAP
27.7,64.7,32.0,Red,Maize,53.3,24.3,18.3,10-26-26
30.4,65.4,45.0,Red,Pigeonpeas,36.4,47.0,36.8,17-17-17
22.6,72.2,36.7,Loamy,Cotton,30.5,76.5,34.0,20-20
31.1,66.2,35.1,Sandy,Kidneybeans,23.9,77.0,43.3,Urea
20.3,72.8,37.9,Black,Sugarcane,48.3,41.9,46.1,17-17-17
35.0,81.3,51.0,Red,Rice,44.7,19.6,13.0,10-26-26
20.2,54.5,47.2,Black,Rice,34.4,41.3,9.6,14-35-14
30.2,63.2,28.4,Black,Kidneybeans,46.0,47.1,42.6,17-17-17
27.0,61.6,30.5,Black,Ground Nuts,11.6,79.1,22.4,28-28
35.7,84.8,48.3,Clayey,Cotton,54.4,31.1,13.6,14-35-14
32.3,54.2,30.3,Loamy,Kidneybeans,20.8,63.1,45.1,Urea
33.6,79.3,45.0,Red,Kidneybeans,24.6,47.5,19.3,28-28
25.5,62.1,56.9,Sandy,Cotton,14.7,62.0,13.4,28-28
30.5,64.4,28.4,Black,Sugarcane,42.3,63.4,6.8,DAP
29.4,52.2,41.0,Black,Cotton,66.9,8.1,18.1,10-26-26
33.1,56.4,50.6,Black,Kidneybeans,44.0,39.0,11.2,14-35-14
36.4,40.9,37.6,Red,Chickpea,21.1,69.6,35.3,20-20
31.3,81.9,52.0,Red,Cotton,12.7,62.0,54.8,Urea
26.8,42.8,38.6,Loamy,Ground Nuts,45.1,48.2,38.2,17-17-17
27.2,45.2,60.3,Black,Kidneybeans,15.4,66.4,55.5,Urea
28.2,58.7,54.2,Red,Cotton,22.7,51.3,24.0,20-20
27.2,55.2,30.1,Clayey,Maize,14.8,69.4,46.5,Urea
29.9,66.8,59.9,Loamy,Kidneybeans,47.3,41.1,13.9,14-35-14
27.1,53.3,30.7,Red,Ground Nuts,46.1,63.8,12.4,DAP
29.0,49.0,37.6,Loamy,Sugarcane,24.8,54.4,76.6,Urea
32.2,54.5,64.5,Clayey,Sugarcane,53.0,64.1,11.7,DAP
27.6,84.8,25.4,Black,Pigeonpeas,37.9,72.5,23.0,20-20
37.7,43.9,57.6,Black,Sugarcane,25.6,60.4,22.6,20-20
22.3,48.5,43.4,Clayey,Cotton,25.0,73.4,23.6,28-28
23.6,51.9,45.1,Loamy,Kidneybeans,43.1,23.7,9.4,10-26-26
30.8,58.6,63.3,Sandy,Sugarcane,61.6,48.8,15.3,DAP
20.4,76.9,58.0,Sandy,Ground Nuts,75.4,21.7,10.7,10-26-26
28.0,47.4,32.4,Loamy,Sugarcane,36.1,26.0,14.6,14-35-14
35.9,52.2,32.8,Clayey,Chickpea,61.3,5.5,5.1,10-26-26
35.8,65.1,63.4,Clayey,Chickpea,42.2,5.9,7.0,10-26-26
28.1,54.9,48.6,Sandy,Pigeonpeas,16.4,77.5,58.1,Urea
23.0,42.7,52.6,Sandy,Ground Nuts,23.2,77.1,41.9,Urea
32.1,47.6,27.2,Red,Maize,39.9,33.3,21.0,14-35-14
20.4,84.5,26.7,Red,Rice,29.4,78.5,18.2,28-28
21.7,48.1,56.9,Clayey,Pigeonpeas,70.5,14.5,15.9,10-26-26
31.3,69.1,58.8,Red,Maize,54.6,24.2,18.7,10-26-26
27.2,58.4,64.1,Red,Wheat,38.6,41.7,51.0,17-17-17
35.0,76.2,59.7,Red,Rice,42.7,7.8,18.8,10-26-26
30.2,42.7,50.3,Clayey,Sugarcane,53.1,25.2,24.9,14-35-14
22.3,58.4,39.2,Clayey,Wheat,53.6,19.0,19.6,10-26-26
30.4,47.3,43.9,Clayey,Maize,31.1,52.4,31.4,20-20
34.0,65.4,35.4,Black,Sugarcane,50.8,40.9,17.6,14-35-14
22.4,51.8,41.8,Clayey,Rice,64.0,51.5,13.7,DAP
36.3,50.9,28.7,Sandy,Cotton,52.7,45.1,6.8,DAP
21.6,68.2,47.0,Black,Rice,43.1,52.9,45.4,17-17-17
35.5,66.0,60.6,Sandy,Rice,21.9,57.2,22.2,28-28
30.3,48.1,35.8,Black,Ground Nuts,24.0,55.7,24.9,20-20
30.6,43.0,58.3,Clayey,Cotton,38.5,50.5,49.5,17-17-17
25.1,58.0,57.5,Red,Maize,5.3,66.8,66.0,Urea
24.8,55.0,47.3,Loamy,Kidneybeans,22.7,72.3,66.5,Urea
37.9,72.4,36.5,Loamy,Kidneybeans,79.6,9.6,6.0,10-26-26
36.3,41.1,33.4,Clayey,Chickpea,15.4,76.5,54.3,Urea
25.6,58.5,33.4,Red,Sugarcane,29.4,77.4,65.8,Urea
36.0,46.8,31.1,Loamy,Chickpea,26.6,51.4,21.1,20-20
31.4,72.7,39.7,Clayey,Sugarcane,8.7,52.5,48.3,Urea
27.3,52.1,32.9,Black,Cotton,50.7,42.4,53.2,17-17-17
33.8,46.4,51.3,Red,Sugarcane,21.0,71.5,41.0,Urea
21.5,67.0,44.4,Black,Wheat,64.6,22.4,23.5,10-26-26
22.6,71.1,62.8,Loamy,Kidneybeans,67.3,60.0,10.6,DAP
25.5,42.9,32.1,Loamy,Chickpea,30.2,26.7,15.6,14-35-14
35.7,53.0,56.3,Black,Wheat,36.1,65.9,39.7,20-20
35.7,47.6,27.1,Red,Chickpea,34.3,74.7,29.5,20-20
31.4,58.1,48.1,Sandy,Pigeonpeas,16.2,71.7,17.2,28-28
35.1,70.2,52.9,Red,Chickpea,40.9,39.5,22.9,14-35-14
25.5,54.7,27.8,Loamy,Maize,55.7,9.7,22.2,10-26-26
22.4,84.0,48.3,Black,Ground Nuts,84.8,9.4,23.2,10-26-26
23.1,47.5,43.5,Red,Ground Nuts,41.3,56.6,7.1,DAP
28.5,60.3,59.8,Black,Cotton,30.6,59.4,29.4,20-20
34.8,69.2,41.8,Black,Pigeonpeas,29.2,71.3,25.1,20-20
25.6,78.1,35.4,Loamy,Cotton,35.0,46.4,42.5,17-17-17
21.9,64.9,45.5,Clayey,Ground Nuts,12.0,70.1,72.9,Urea
33.0,50.4,53.2,Sandy,Maize,39.2,26.5,12.1,14-35-14
33.5,81.3,29.3,Sandy,Ground Nuts,37.0,30.5,20.8,14-35-14
34.4,55.4,42.8,Clayey,Wheat,21.9,74.5,60.4,Urea
28.3,84.5,44.3,Black,Maize,84.4,10.0,20.1,10-26-26
35.4,44.4,53.3,Red,Rice,13.6,56.1,40.3,Urea
26.1,77.2,25.0,Black,Cotton,39.2,29.7,12.1,14-35-14
30.0,53.1,41.7,Black,Cotton,57.0,23.1,22.5,10-26-26
29.7,77.8,38.6,Black,Ground Nuts,49.2,41.3,54.9,17-17-17
22.2,68.6,30.0,Sandy,Wheat,43.2,8.8,23.2,10-26-26
21.4,83.0,34.9,Clayey,Cotton,27.2,74.2,12.5,28-28
35.1,62.6,25.6,Red,Rice,72.1,64.2,21.7,DAP
33.6,60.0,48.7,Loamy,Kidneybeans,24.0,57.9,12.9,28-28
31.9,45.3,41.1,Sandy,Kidneybeans,25.9,47.4,13.3,28-28
24.7,83.6,54.4,Loamy,Sugarcane,71.5,7.3,22.1,10-26-26
33.7,44.9,64.3,Clayey,Maize,42.6,41.9,50.5,17-17-17
31.4,60.3,46.2,Black,Sugarcane,73.6,18.9,21.5,10-26-26
30.1,70.2,62.1,Sandy,Rice,48.6,38.8,22.0,14-35-14
27.7,83.5,51.3,Red,Rice,46.3,46.7,53.7,17-17-17
23.5,61.2,43.9,Black,Rice,57.0,13.3,15.3,10-26-26
21.3,65.9,59.1,Red,Cotton,23.1,43.5,54.4,Urea
22.6,53.4,28.6,Clayey,Wheat,27.8,59.4,40.2,Urea
36.7,47.3,63.6,Sandy,Kidneybeans,24.1,64.1,34.8,20-20
21.5,79.4,54.2,Clayey,Wheat,53.6,9.0,17.0,10-26-26
37.1,73.2,48.9,Sandy,Kidneybeans,37.6,54.0,21.0,20-20
35.7,43.9,44.5,Red,Pigeonpeas,71.1,17.5,10.2,10-26-26
36.5,64.9,37.0,Black,Maize,43.6,49.5,41.2,17-17-17
37.7,75.6,49.1,Loamy,Chickpea,13.5,41.6,61.8,Urea
20.4,42.8,40.5,Sandy,Rice,31.7,66.7,29.3,20-20
28.7,41.2,40.2,Sandy,Sugarcane,12.1,55.8,18.0,28-28
36.2,63.6,53.3,Red,Rice,50.1,44.9,12.6,DAP
20.7,84.0,34.7,Red,Wheat,23.3,62.0,22.6,28-28
28.9,71.5,59.2,Red,Chickpea,18.4,77.5,14.6,28-28
22.1,54.8,57.6,Clayey,Kidneybeans,31.9,61.6,27.9,20-20
21.6,75.0,58.9,Red,Pigeonpeas,35.5,28.3,15.3,14-35-14
22.1,46.3,36.5,Clayey,Pigeonpeas,63.3,21.7,20.0,10-26-26
33.3,53.8,35.6,Loamy,Wheat,33.9,48.2,23.9,20-20
22.2,53.6,46.3,Sandy,Rice,62.6,46.7,15.2,DAP
36.2,66.2,30.0,Clayey,Cotton,44.9,47.4,17.3,DAP
30.8,62.0,46.1,Black,Ground Nuts,41.7,39.0,45.4,17-17-17
33.5,76.2,30.5,Red,Cotton,11.4,55.5,23.4,28-28
35.1,78.8,37.6,Sandy,Cotton,26.3,42.0,41.6,Urea
28.7,43.8,63.9,Loamy,Cotton,45.5,29.7,18.4,14-35-14
21.3,44.8,58.5,Black,Maize,11.0,60.2,47.8,Urea
22.1,41.6,27.1,Loamy,Ground Nuts,26.7,41.8,11.8,28-28
24.7,59.0,26.6,Clayey,Maize,16.2,62.8,63.1,Urea
21.8,74.5,63.7,Clayey,Pigeonpeas,39.4,66.0,37.3,20-20
32.3,53.1,33.1,Red,Chickpea,11.6,43.8,46.8,Urea
28.7,81.1,49.4,Clayey,Ground Nuts,61.9,53.7,9.2,DAP
20.3,83.4,40.1,Black,Maize,64.1,67.3,6.4,DAP
26.2,41.6,54.8,Loamy,Wheat,72.1,61.5,7.7,DAP
31.2,45.9,37.4,Loamy,Kidneybeans,36.1,40.2,23.5,14-35-14
26.7,49.4,52.8,Red,Pigeonpeas,58.3,34.0,24.9,14-35-14
37.7,49.4,30.2,Clayey,Rice,39.1,43.5,50.4,17-17-17
20.2,57.2,37.1,Clayey,Ground Nuts,41.7,13.1,15.1,10-26-26
22.2,84.0,32.5,Red,Wheat,18.9,72.5,17.3,28-28
25.0,54.9,53.0,Loamy,Cotton,53.0,29.1,23.8,14-35-14
24.4,49.2,63.2,Clayey,Chickpea,28.0,53.6,41.9,Urea
34.4,59.6,59.8,Red,Maize,48.1,9.4,24.0,10-26-26
30.7,62.0,30.3,Loamy,Ground Nuts,50.9,23.5,10.8,10-26-26
28.5,47.6,39.2,Clayey,Maize,18.0,63.3,10.9,28-28
26.1,75.8,28.1,Loamy,Rice,51.3,50.3,15.0,DAP
35.4,61.0,39.4,Black,Maize,18.4,57.7,68.7,Urea
33.6,71.0,59.5,Red,Kidneybeans,39.9,48.9,28.5,20-20
22.9,42.8,57.9,Red,Sugarcane,41.2,45.1,43.0,17-17-17
25.5,48.7,30.2,Clayey,Chickpea,41.0,44.4,50.6,17-17-17
26.0,82.3,38.7,Sandy,Pigeonpeas,84.5,8.6,14.7,10-26-26
26.3,71.8,45.9,Loamy,Cotton,37.5,47.7,54.2,17-17-17
20.4,74.9,30.4,Clayey,Rice,29.4,60.0,32.1,20-20
30.1,45.0,49.4,Black,Kidneybeans,65.6,24.7,20.8,10-26-26
36.4,75.3,44.5,Loamy,Cotton,28.9,77.2,10.9,28-28
25.0,83.1,30.7,Red,Cotton,21.6,51.2,14.2,28-28
34.8,57.7,42.9,Sandy,Chickpea,23.3,42.6,54.3,Urea
25.5,83.5,62.8,Red,Maize,16.7,76.4,18.6,28-28
36.9,70.6,47.8,Clayey,Maize,20.3,71.5,77.7,Urea
33.5,49.6,59.7,Loamy,Kidneybeans,58.7,42.7,12.0,14-35-14
22.3,42.6,58.8,Red,Cotton,36.2,37.1,40.4,17-17-17
32.0,46.0,59.1,Loamy,Ground Nuts,51.3,52.9,35.3,17-17-17
26.0,63.1,56.9,Sandy,Wheat,16.8,47.5,20.6,28-28
29.2,60.0,63.7,Sandy,Sugarcane,46.4,37.8,52.3,17-17-17
30.5,72.3,39.9,Loamy,Wheat,36.8,42.9,44.2,17-17-17
37.4,83.1,34.9,Sandy,Wheat,40.4,44.3,23.2,14-35-14
29.5,70.9,35.9,Red,Maize,23.4,42.0,42.1,Urea
25.7,62.1,37.8,Sandy,Sugarcane,9.8,79.0,52.4,Urea
24.3,70.7,53.6,Loamy,Rice,64.3,67.1,6.5,DAP
37.8,52.5,40.8,Loamy,Cotton,33.7,59.6,36.3,20-20
32.2,45.4,27.8,Black,Cotton,44.5,30.1,11.7,14-35-14
32.9,52.2,55.4,Red,Sugarcane,68.9,60.4,5.1,DAP
37.2,76.0,34.7,Red,Wheat,36.4,40.3,41.3,17-17-17
21.6,73.6,25.5,Sandy,Wheat,22.9,49.3,12.7,28-28
20.2,58.4,38.2,Sandy,Maize,22.3,52.2,70.6,Urea
34.7,84.3,61.4,Black,Chickpea,78.3,7.1,6.1,10-26-26
28.2,57.9,42.2,Red,Wheat,46.4,40.2,35.0,17-17-17
23.1,64.6,53.6,Black,Sugarcane,57.8,58.0,5.5,DAP
23.3,62.7,37.9,Loamy,Cotton,40.2,37.7,44.3,17-17-17
32.7,44.8,56.0,Clayey,Cotton,25.2,44.6,70.7,Urea
30.4,69.1,43.3,Sandy,Wheat,20.6,65.6,10.5,28-28
25.3,64.5,30.3,Clayey,Chickpea,48.8,38.3,50.9,17-17-17
35.8,63.8,43.7,Black,Maize,22.1,75.4,33.0,20-20
31.6,54.2,49.9,Red,Wheat,39.4,53.0,43.9,17-17-17
34.8,83.6,43.2,Clayey,Sugarcane,45.2,43.6,17.7,14-35-14
27.9,60.9,56.6,Clayey,Chickpea,32.1,79.9,33.1,20-20
35.1,83.8,64.0,Black,Rice,32.0,37.9,22.0,14-35-14
31.7,84.2,61.5,Black,Chickpea,16.0,54.5,41.6,Urea
35.4,60.9,56.4,Red,Pigeonpeas,77.9,55.9,9.7,DAP
36.4,84.1,51.5,Sandy,Cotton,51.3,49.0,50.0,17-17-17
26.2,70.0,29.1,Red,Wheat,40.5,19.3,7.8,10-26-26
35.6,73.2,45.0,Black,Pigeonpeas,46.5,53.8,37.7,17-17-17
23.5,44.6,61.4,Clayey,Sugarcane,25.5,42.0,70.4,Urea
29.5,66.2,52.4,Loamy,Ground Nuts,70.1,74.8,17.4,DAP
37.1,57.8,30.0,Clayey,Cotton,45.5,39.1,37.2,17-17-17
26.3,66.8,36.0,Sandy,Ground Nuts,35.5,47.5,49.7,17-17-17
36.1,71.0,36.4,Clayey,Pigeonpeas,23.9,70.4,14.6,28-28
31.3,48.3,29.2,Sandy,Sugarcane,54.4,37.4,17.8,14-35-14
35.0,42.5,54.9,Loamy,Maize,74.0,65.6,9.9,DAP
20.6,82.9,33.4,Black,Rice,24.7,48.7,71.0,Urea
20.3,81.5,64.0,Clayey,Rice,14.4,70.1,13.1,28-28
30.7,74.0,37.4,Sandy,Maize,43.4,44.7,14.9,14-35-14
36.3,42.5,58.3,Loamy,Sugarcane,58.3,75.1,9.4,DAP
36.3,47.6,63.7,Clayey,Maize,16.3,67.1,77.8,Urea
21.3,76.8,38.4,Red,Wheat,19.4,60.5,60.6,Urea
28.1,73.0,58.6,Black,Cotton,45.9,39.7,36.7,17-17-17
26.6,50.3,33.7,Loamy,Ground Nuts,42.2,44.1,5.3,DAP
36.0,65.6,58.3,Clayey,Rice,79.7,67.7,7.8,DAP
37.7,70.9,34.7,Black,Rice,36.0,72.3,22.1,20-20
31.4,59.4,42.5,Loamy,Kidneybeans,41.2,53.7,50.2,17-17-17
37.2,50.8,50.0,Black,Rice,59.0,50.9,19.9,DAP
33.0,51.6,53.8,Clayey,Maize,35.6,47.5,42.5,17-17-17
24.2,69.4,41.2,Sandy,Sugarcane,19.9,40.7,44.3,Urea
34.8,85.0,33.5,Loamy,Kidneybeans,50.6,78.6,16.3,DAP
34.3,46.1,64.1,Red,Maize,54.3,41.0,38.3,17-17-17
23.7,51.7,28.7,Loamy,Chickpea,28.0,63.0,28.4,20-20
37.8,76.9,36.3,Clayey,Sugarcane,32.1,27.4,9.0,14-35-14
25.5,61.7,27.5,Loamy,Maize,22.2,54.4,24.8,28-28
22.3,66.2,37.0,Clayey,Sugarcane,41.4,74.4,15.8,DAP
36.0,58.5,49.2,Black,Rice,32.6,50.1,28.3,20-20
25.0,60.2,38.8,Red,Cotton,13.5,75.3,19.3,28-28
35.3,78.9,41.3,Sandy,Chickpea,74.3,5.2,7.9,10-26-26
29.3,40.3,41.9,Black,Chickpea,68.7,69.3,12.5,DAP
24.3,68.3,58.2,Loamy,Wheat,58.7,22.3,10.2,10-26-26
21.0,71.6,27.2,Black,Sugarcane,27.8,60.3,68.1,Urea
25.2,79.1,61.2,Sandy,Cotton,5.0,68.8,63.8,Urea
28.4,51.1,61.6,Loamy,Rice,16.7,61.3,24.3,28-28
28.2,46.7,62.2,Black,Sugarcane,43.8,31.0,11.1,14-35-14
35.4,82.0,62.3,Red,Maize,8.1,41.1,55.3,Urea
22.0,83.5,32.0,Sandy,Chickpea,49.4,39.4,12.2,14-35-14
21.8,62.9,26.0,Sandy,Maize,43.1,45.7,39.4,17-17-17
31.4,41.9,33.3,Loamy,Chickpea,57.8,27.1,14.2,14-35-14
20.1,70.6,58.0,Loamy,Wheat,34.4,40.8,10.7,14-35-14
31.2,53.9,39.7,Sandy,Pigeonpeas,24.2,56.0,72.4,Urea
29.4,41.7,28.2,Black,Cotton,66.9,53.7,16.7,DAP
34.2,49.0,57.2,Red,Sugarcane,55.5,44.0,12.9,14-35-14
26.8,83.4,35.9,Black,Rice,42.0,35.7,24.7,14-35-14
32.6,40.6,27.0,Sandy,Maize,48.0,44.1,13.8,14-35-14
29.0,43.2,52.4,Clayey,Kidneybeans,45.1,44.7,50.3,17-17-17
29.7,78.7,33.5,Black,Rice,20.2,65.7,43.4,Urea
31.3,51.4,57.1,Clayey,Maize,36.4,62.6,39.6,20-20
29.4,70.1,57.6,Sandy,Wheat,25.2,45.0,25.9,20-20
21.8,40.7,49.6,Red,Ground Nuts,29.0,67.9,76.1,Urea
25.8,74.3,57.1,Clayey,Cotton,14.6,41.8,56.7,Urea
28.2,78.4,48.3,Black,Maize,43.6,14.5,8.8,10-26-26
30.5,75.9,38.6,Sandy,Kidneybeans,54.2,26.1,13.8,14-35-14
36.8,72.7,61.7,Sandy,Rice,76.3,61.1,15.3,DAP
37.1,53.7,31.8,Red,Wheat,16.5,41.4,52.3,Urea
21.5,53.4,51.9,Loamy,Wheat,39.9,28.7,12.7,14-35-14
33.2,43.4,51.6,Black,Kidneybeans,24.8,55.0,29.8,20-20
23.7,73.4,27.1,Sandy,Pigeonpeas,78.4,22.5,9.0,10-26-26
23.4,52.7,35.7,Loamy,Wheat,30.4,49.3,24.7,20-20
25.8,41.6,30.1,Black,Ground Nuts,53.3,44.1,44.9,17-17-17
20.9,45.1,25.2,Loamy,Cotton,30.0,71.5,22.0,28-28
23.6,79.6,32.8,Black,Pigeonpeas,16.3,65.5,19.3,28-28
31.5,76.1,43.7,Loamy,Cotton,27.2,75.7,22.2,20-20
21.7,41.2,41.1,Loamy,Sugarcane,54.9,48.5,38.5,17-17-17
21.1,48.4,26.3,Clayey,Sugarcane,52.3,27.7,20.3,14-35-14
25.4,51.2,39.9,Clayey,Kidneybeans,25.1,59.3,29.8,20-20
31.7,53.6,43.4,Black,Pigeonpeas,38.4,28.2,14.3,14-35-14
30.3,54.9,53.9,Black,Kidneybeans,30.2,48.9,30.0,20-20
20.3,56.2,28.6,Red,Rice,25.1,48.5,21.9,20-20
36.9,71.1,31.2,Loamy,Wheat,24.9,52.3,36.8,20-20
27.2,81.4,51.0,Red,Sugarcane,11.8,50.3,24.2,28-28
32.3,80.0,52.7,Loamy,Wheat,49.7,44.2,20.8,DAP
34.1,56.3,41.3,Loamy,Ground Nuts,72.4,41.9,11.4,DAP
37.7,75.1,40.6,Loamy,Cotton,46.6,46.1,53.2,17-17-17
22.9,55.9,41.8,Loamy,Kidneybeans,57.6,9.3,18.3,10-26-26
33.3,74.1,49.3,Loamy,Chickpea,46.7,68.8,18.6,DAP
36.1,52.9,38.1,Sandy,Chickpea,12.3,41.5,15.8,28-28
35.9,61.3,45.8,Clayey,Rice,13.8,76.1,16.9,28-28
36.2,82.3,51.8,Black,Wheat,23.3,73.4,16.8,28-28
26.6,78.0,32.8,Clayey,Cotton,26.5,70.5,18.4,28-28
28.0,46.4,29.1,Red,Rice,46.1,31.1,9.4,14-35-14
37.1,54.4,59.7,Black,Maize,79.7,6.7,12.0,10-26-26
20.4,68.4,31.5,Black,Wheat,62.6,40.5,13.6,DAP
36.0,61.8,54.1,Red,Rice,52.7,47.8,10.8,DAP
21.5,70.8,53.3,Clayey,Pigeonpeas,42.2,43.5,36.5,17-17-17
25.7,70.7,59.9,Sandy,Rice,49.5,55.5,21.6,DAP
22.3,58.6,55.5,Clayey,Sugarcane,28.0,44.2,20.0,28-28
27.5,43.3,35.9,Black,Sugarcane,29.6,68.4,18.9,28-28
20.7,65.6,61.8,Red,Sugarcane,59.1,34.2,17.2,14-35-14
23.8,78.2,61.2,Clayey,Sugarcane,45.8,40.1,47.6,17-17-17
29.1,77.4,51.6,Black,Wheat,16.8,76.5,24.0,28-28
33.3,77.2,63.7,Sandy,Sugarcane,56.7,35.6,18.2,14-35-14
36.1,73.0,45.3,Black,Chickpea,29.8,73.3,50.6,Urea
33.5,71.2,64.6,Sandy,Kidneybeans,25.6,56.5,30.0,20-20
29.9,75.8,48.3,Red,Rice,83.2,15.5,18.2,10-26-26
33.5,49.4,33.2,Clayey,Ground Nuts,23.8,55.9,22.5,20-20
33.7,62.7,64.5,Sandy,Sugarcane,19.3,50.5,10.9,28-28
37.1,74.5,35.7,Sandy,Pigeonpeas,31.8,77.9,34.4,20-20
33.9,65.3,47.1,Red,Pigeonpeas,7.9,61.2,45.0,Urea
20.6,66.8,46.6,Black,Kidneybeans,39.4,47.2,29.7,20-20
20.9,44.3,26.3,Red,Maize,30.0,47.2,32.0,20-20
32.3,84.2,52.6,Black,Cotton,52.7,44.7,54.0,17-17-17
33.8,69.6,58.0,Clayey,Rice,65.9,68.6,21.5,DAP
31.2,64.3,55.0,Red,Pigeonpeas,69.1,54.4,15.7,DAP
26.9,59.1,53.6,Loamy,Kidneybeans,48.1,33.2,13.1,14-35-14
28.0,80.1,41.5,Sandy,Kidneybeans,8.6,78.5,61.0,Urea
28.5,40.4,28.4,Sandy,Sugarcane,76.3,23.3,20.4,10-26-26
20.9,75.2,58.8,Black,Pigeonpeas,76.0,9.7,15.2,10-26-26
37.7,47.0,34.0,Loamy,Sugarcane,39.2,38.7,50.9,17-17-17
33.1,73.1,28.2,Clayey,Rice,42.2,39.7,52.2,17-17-17
36.7,79.1,45.0,Clayey,Sugarcane,31.8,37.5,20.1,14-35-14
37.4,52.1,44.8,Sandy,Ground Nuts,21.7,62.6,31.2,20-20
25.7,61.8,36.8,Loamy,Rice,50.3,51.4,5.4,DAP
37.2,50.8,37.9,Clayey,Kidneybeans,9.6,46.2,63.1,Urea
30.1,57.4,41.8,Red,Pigeonpeas,21.2,43.1,10.1,28-28
37.5,77.2,27.4,Sandy,Pigeonpeas,17.5,60.1,23.9,28-28
33.3,43.9,51.8,Sandy,Maize,42.3,26.0,16.0,14-35-14
28.2,53.6,40.4,Clayey,Ground Nuts,74.2,50.9,17.7,DAP
28.0,64.8,62.8,Red,Rice,24.2,61.6,30.4,20-20
36.2,75.2,32.8,Black,Cotton,43.5,42.3,15.3,DAP
31.9,66.6,41.9,Loamy,Cotton,10.0,61.0,52.2,Urea
34.7,47.7,57.3,Black,Rice,33.9,69.5,31.1,20-20
29.9,81.8,62.9,Red,Kidneybeans,32.1,37.2,15.8,14-35-14
33.6,75.7,44.8,Sandy,Maize,52.9,43.2,40.4,17-17-17
32.3,78.7,28.6,Red,Cotton,27.3,47.1,14.8,28-28
25.8,46.1,36.8,Loamy,Sugarcane,21.4,53.9,16.6,28-28
25.5,43.3,62.3,Clayey,Sugarcane,17.9,51.2,21.9,28-28
20.7,77.4,47.9,Red,Pigeonpeas,32.1,75.6,30.5,20-20
33.5,40.8,45.7,Sandy,Rice,61.2,51.9,11.8,DAP
21.3,75.6,33.7,Black,Chickpea,48.5,46.2,51.1,17-17-17
26.4,76.4,36.8,Black,Rice,62.8,55.2,17.7,DAP
34.4,52.0,34.8,Loamy,Rice,10.7,59.9,53.6,Urea
27.5,44.0,42.5,Loamy,Sugarcane,24.6,72.0,25.8,20-20
27.7,66.8,28.6,Black,Cotton,41.7,54.2,36.8,17-17-17
20.2,58.7,31.2,Red,Maize,33.3,51.2,34.2,20-20
36.9,47.7,29.5,Black,Wheat,46.4,44.5,52.2,17-17-17
27.8,73.6,65.0,Loamy,Pigeonpeas,23.1,60.7,44.6,Urea
23.2,48.0,61.6,Red,Ground Nuts,60.9,17.0,6.3,10-26-26
34.3,80.8,64.0,Clayey,Maize,14.6,53.1,23.2,28-28
31.4,47.4,42.2,Red,Kidneybeans,40.7,44.1,49.7,17-17-17
26.4,61.7,45.1,Loamy,Sugarcane,52.6,75.0,17.4,DAP
29.9,77.2,37.1,Loamy,Rice,15.0,58.7,52.7,Urea
25.6,44.4,46.1,Red,Sugarcane,6.4,48.8,44.4,Urea
33.3,59.2,38.3,Clayey,Rice,39.5,26.0,21.2,14-35-14
34.5,62.9,27.2,Black,Kidneybeans,18.4,63.9,77.4,Urea
37.6,83.5,33.6,Red,Maize,36.2,52.5,23.9,20-20
25.2,78.4,40.5,Sandy,Pigeonpeas,16.5,54.5,24.0,28-28
25.2,66.4,48.7,Black,Pigeonpeas,51.6,35.3,20.7,14-35-14
28.1,67.0,27.9,Black,Sugarcane,24.5,76.8,38.6,20-20
21.9,62.9,54.4,Black,Rice,54.8,42.4,47.6,17-17-17
34.7,50.5,33.0,Sandy,Chickpea,34.3,55.7,26.3,20-20
27.7,73.0,38.5,Red,Chickpea,13.2,59.1,51.4,Urea
33.8,49.3,37.9,Loamy,Pigeonpeas,29.3,77.6,38.9,20-20
22.7,62.9,43.4,Red,Rice,38.0,58.4,38.6,20-20
22.0,45.2,57.1,Sandy,Cotton,61.2,67.2,13.2,DAP
33.8,56.0,36.0,Black,Chickpea,26.0,76.1,15.7,28-28
23.9,53.1,31.9,Clayey,Kidneybeans,17.6,64.6,23.7,28-28
35.3,79.5,47.0,Red,Pigeonpeas,69.5,10.6,12.6,10-26-26
27.7,45.8,62.9,Loamy,Sugarcane,59.0,70.7,10.4,DAP
35.6,70.3,26.9,Clayey,Ground Nuts,62.7,45.5,18.0,DAP
24.4,80.9,28.7,Black,Maize,44.4,47.8,52.8,17-17-17
32.6,83.0,46.3,Clayey,Rice,42.0,37.8,24.2,14-35-14
35.2,56.3,51.4,Red,Sugarcane,61.2,17.0,9.0,10-26-26
25.3,47.5,40.2,Sandy,Cotton,27.1,68.5,22.6,20-20
36.8,77.6,58.7,Red,Rice,26.1,61.5,28.6,20-20
34.4,55.7,52.8,Clayey,Kidneybeans,23.2,59.2,37.9,20-20
34.8,50.6,51.5,Black,Rice,55.7,67.6,11.3,DAP
21.8,70.4,34.9,Black,Pigeonpeas,35.3,47.1,38.3,17-17-17
20.7,80.6,27.9,Black,Pigeonpeas,80.2,19.8,9.6,10-26-26
32.6,58.1,28.1,Black,Ground Nuts,69.3,40.1,15.5,DAP
30.5,66.4,42.8,Sandy,Kidneybeans,55.1,34.0,12.5,14-35-14
34.1,57.8,50.8,Red,Ground Nuts,38.0,42.7,53.7,17-17-17
22.4,60.1,58.2,Sandy,Rice,16.1,50.9,17.0,28-28
28.2,65.0,41.2,Loamy,Rice,29.2,54.9,20.3,20-20
28.1,55.2,40.5,Clayey,Wheat,24.8,63.3,38.5,20-20
29.1,48.2,48.0,Red,Pigeonpeas,22.7,69.5,18.4,28-28
31.7,40.8,51.2,Red,Maize,67.8,6.7,11.2,10-26-26
33.6,60.4,26.7,Sandy,Kidneybeans,16.2,73.5,14.8,28-28
20.2,49.1,63.4,Sandy,Cotton,67.6,6.3,10.2,10-26-26
33.0,49.5,29.2,Sandy,Sugarcane,67.5,71.5,7.7,DAP
20.2,71.5,29.5,Red,Ground Nuts,25.5,71.4,17.4,28-28
21.3,52.5,38.0,Loamy,Rice,58.4,34.2,12.8,14-35-14
23.6,84.3,54.5,Loamy,Ground Nuts,35.5,61.5,33.1,20-20
36.8,72.4,55.2,Red,Maize,49.9,17.4,13.9,10-26-26
24.3,52.6,57.8,Black,Rice,21.7,52.7,17.6,28-28
30.5,72.8,41.4,Red,Ground Nuts,32.6,69.9,34.0,20-20
22.4,74.0,36.0,Clayey,Wheat,57.1,31.9,21.9,14-35-14
21.8,83.3,51.1,Black,Chickpea,44.1,41.5,43.0,17-17-17
24.1,81.5,48.7,Red,Kidneybeans,17.6,64.2,17.5,28-28
33.6,74.1,57.4,Black,Ground Nuts,56.6,29.5,12.5,14-35-14
26.6,46.1,45.7,Loamy,Chickpea,45.1,8.7,23.7,10-26-26
34.3,60.5,31.8,Black,Kidneybeans,52.0,7.9,15.2,10-26-26
32.9,82.2,61.5,Black,Pigeonpeas,28.9,45.3,13.7,28-28
24.6,78.6,46.9,Loamy,Cotton,46.4,46.2,41.9,17-17-17
20.8,64.5,38.5,Clayey,Sugarcane,16.8,74.8,64.5,Urea
34.7,80.8,29.8,Sandy,Maize,61.3,41.9,9.8,DAP
34.6,78.4,61.6,Loamy,Rice,38.0,31.4,23.4,14-35-14
37.7,84.2,62.0,Sandy,Kidneybeans,35.7,73.6,26.5,20-20
34.5,43.6,32.7,Clayey,Cotton,27.7,57.4,29.7,20-20
22.2,46.6,26.2,Loamy,Kidneybeans,36.4,43.6,48.2,17-17-17
30.9,65.7,27.1,Sandy,Rice,37.8,39.2,47.5,17-17-17
36.7,82.7,47.2,Sandy,Rice,26.8,64.2,39.2,20-20
22.9,84.0,31.3,Sandy,Rice,17.2,65.6,54.6,Urea
26.7,70.1,27.9,Red,Kidneybeans,11.4,59.2,68.6,Urea
37.4,63.7,37.1,Loamy,Pigeonpeas,14.1,79.6,42.7,Urea
25.8,79.0,34.3,Loamy,Rice,32.2,52.3,28.1,20-20
23.9,73.2,32.6,Black,Cotton,47.2,42.2,11.7,14-35-14
21.5,84.7,56.3,Black,Pigeonpeas,53.4,54.2,38.9,17-17-17
34.9,55.7,42.0,Red,Kidneybeans,33.8,37.4,10.1,14-35-14
30.0,69.1,25.5,Black,Chickpea,38.2,36.5,54.7,17-17-17
37.0,48.9,60.0,Loamy,Rice,51.1,35.8,15.7,14-35-14
33.2,46.9,59.2,Loamy,Rice,45.3,48.9,37.1,17-17-17
21.8,67.2,29.8,Red,Wheat,43.1,56.1,14.0,DAP
27.8,47.9,64.5,Sandy,Chickpea,46.8,31.5,19.7,14-35-14
26.3,72.5,28.2,Black,Rice,9.6,62.4,63.6,Urea
22.3,40.8,52.6,Black,Chickpea,41.0,38.0,47.5,17-17-17
29.2,62.3,38.3,Clayey,Kidneybeans,21.4,60.2,21.8,20-20
34.9,61.8,46.7,Red,Rice,41.1,36.7,38.6,17-17-17
27.0,58.7,43.8,Clayey,Kidneybeans,54.7,52.4,6.7,DAP
32.7,49.7,32.3,Loamy,Wheat,59.4,21.9,21.4,10-26-26
24.1,52.6,30.1,Clayey,Chickpea,49.2,27.7,9.3,14-35-14
33.9,77.9,55.4,Sandy,Cotton,35.0,28.9,22.2,14-35-14
32.2,62.4,28.8,Sandy,Chickpea,51.6,78.4,21.7,DAP
35.2,67.5,26.6,Black,Rice,38.0,75.4,31.1,20-20
32.6,53.1,38.4,Black,Cotton,16.2,63.3,10.3,28-28
32.0,40.6,59.9,Clayey,Kidneybeans,16.2,45.5,53.7,Urea
32.9,51.2,60.1,Black,Sugarcane,26.3,75.4,24.4,28-28
30.3,78.8,28.1,Clayey,Sugarcane,43.3,9.3,22.0,10-26-26
35.0,45.6,30.2,Red,Kidneybeans,65.1,13.3,23.9,10-26-26
36.7,77.7,64.8,Loamy,Rice,20.5,66.3,22.3,20-20
34.2,42.5,39.8,Red,Rice,30.1,70.5,31.2,20-20
33.0,52.3,58.8,Clayey,Chickpea,28.6,58.4,25.4,20-20
35.1,71.6,56.6,Black,Rice,13.8,55.7,56.2,Urea
33.9,58.8,54.9,Sandy,Maize,29.0,49.5,58.4,Urea
21.9,65.8,45.0,Red,Chickpea,27.1,50.2,18.0,28-28
29.5,76.5,54.4,Sandy,Kidneybeans,21.6,68.8,44.5,Urea
35.0,52.4,54.3,Clayey,Wheat,44.2,17.4,24.0,10-26-26
30.5,72.1,61.7,Loamy,Kidneybeans,22.6,55.8,66.9,Urea
32.7,62.0,40.3,Sandy,Ground Nuts,10.6,64.3,73.0,Urea
20.9,78.3,64.9,Sandy,Sugarcane,27.7,55.0,22.2,28-28
25.5,47.9,56.5,Sandy,Pigeonpeas,52.5,73.6,20.5,DAP
30.8,53.3,60.5,Sandy,Sugarcane,77.8,5.8,14.5,10-26-26
36.7,83.3,32.6,Red,Rice,48.5,49.6,36.8,17-17-17
31.7,80.0,42.6,Sandy,Cotton,27.5,59.5,70.0,Urea
35.1,79.7,61.9,Loamy,Chickpea,7.6,62.3,45.1,Urea
27.9,51.8,31.6,Sandy,Ground Nuts,67.6,48.0,13.7,DAP
34.0,40.9,60.6,Red,Maize,19.2,72.3,72.5,Urea
32.0,61.5,50.7,Red,Pigeonpeas,10.8,71.1,19.3,28-28
25.0,68.9,52.7,Sandy,Cotton,26.8,70.8,53.7,Urea
29.3,66.0,55.0,Black,Maize,54.3,36.1,36.5,17-17-17
30.4,65.0,54.6,Black,Sugarcane,45.0,28.4,12.6,14-35-14
22.5,79.7,48.3,Sandy,Ground Nuts,12.5,73.8,16.9,28-28
32.8,44.5,26.3,Sandy,Kidneybeans,21.2,71.8,20.4,28-28
20.3,44.1,38.1,Red,Chickpea,43.1,36.6,12.8,14-35-14
24.0,81.5,42.0,Clayey,Sugarcane,84.3,23.6,16.1,10-26-26
22.5,44.3,42.0,Clayey,Maize,38.7,63.5,30.8,20-20
26.9,55.4,60.0,Black,Wheat,21.3,69.1,17.7,28-28
22.4,76.3,64.6,Red,Pigeonpeas,27.5,46.6,28.9,20-20
22.3,60.1,57.6,Loamy,Rice,52.8,46.3,45.4,17-17-17
36.1,48.8,49.6,Sandy,Maize,21.8,70.0,27.8,20-20
25.1,57.0,29.1,Sandy,Maize,23.0,68.4,60.2,Urea
26.0,41.2,38.6,Clayey,Pigeonpeas,25.1,60.7,75.9,Urea
31.5,52.9,36.7,Red,Ground Nuts,56.0,60.0,19.5,DAP
24.7,83.0,49.1,Sandy,Chickpea,53.7,37.9,39.1,17-17-17
24.7,41.7,29.9,Sandy,Sugarcane,39.7,49.0,26.3,20-20
24.6,40.9,33.9,Red,Maize,36.1,43.6,37.1,17-17-17
36.9,80.8,47.7,Clayey,Maize,55.9,13.2,12.6,10-26-26
35.4,82.5,38.4,Clayey,Chickpea,62.4,48.0,6.6,DAP
35.8,47.1,43.2,Red,Cotton,64.2,55.3,16.8,DAP
27.9,43.0,43.6,Sandy,Chickpea,36.4,74.1,32.3,20-20
22.1,69.1,35.0,Clayey,Kidneybeans,73.5,45.4,13.7,DAP
22.5,48.9,27.2,Clayey,Wheat,47.9,65.1,5.2,DAP
26.2,56.1,25.3,Red,Maize,36.8,77.9,20.6,20-20
35.7,40.7,42.4,Sandy,Maize,36.7,33.3,14.6,14-35-14
29.2,65.4,44.8,Black,Rice,69.3,77.8,11.5,DAP
25.0,43.4,53.3,Sandy,Ground Nuts,44.7,54.7,52.9,17-17-17
27.3,54.6,56.3,Clayey,Kidneybeans,25.2,41.8,17.2,28-28
27.1,62.1,60.2,Sandy,Sugarcane,43.3,36.0,45.7,17-17-17
32.3,45.5,29.6,Sandy,Ground Nuts,15.3,68.5,65.9,Urea
36.9,51.7,59.1,Red,Sugarcane,37.3,50.9,35.5,20-20
25.8,84.0,26.5,Red,Pigeonpeas,28.9,57.3,22.3,20-20
36.2,47.4,40.3,Loamy,Cotton,37.8,49.6,47.5,17-17-17
37.1,42.8,49.1,Black,Maize,42.6,15.6,22.9,10-26-26
22.7,41.7,60.2,Red,Sugarcane,52.6,58.7,7.2,DAP
20.5,71.0,49.2,Red,Pigeonpeas,53.7,36.7,39.7,17-17-17
22.8,81.5,55.3,Black,Sugarcane,49.6,39.0,49.2,17-17-17
25.6,61.7,37.9,Black,Wheat,51.8,48.2,41.0,17-17-17
36.4,67.4,47.4,Sandy,Cotton,83.3,10.2,17.5,10-26-26
21.9,72.4,52.5,Sandy,Maize,44.3,16.4,23.5,10-26-26
32.5,41.8,58.6,Red,Maize,19.0,48.8,19.6,28-28
31.1,60.5,60.8,Loamy,Cotton,30.0,73.0,36.8,20-20
33.4,49.6,25.4,Sandy,Kidneybeans,50.5,36.2,51.4,17-17-17
24.4,44.9,56.8,Loamy,Chickpea,12.0,74.2,14.1,28-28
37.6,52.1,26.6,Black,Sugarcane,68.2,44.0,12.7,DAP
35.7,46.2,30.1,Black,Rice,47.9,18.9,24.2,10-26-26
26.5,48.2,50.7,Red,Rice,41.6,37.5,52.2,17-17-17
37.4,40.7,44.2,Black,Pigeonpeas,16.7,62.8,16.7,28-28
32.9,43.1,38.2,Black,Maize,51.3,69.2,14.4,DAP
25.6,46.4,33.6,Loamy,Ground Nuts,44.2,66.4,16.6,DAP
24.3,56.8,34.2,Loamy,Kidneybeans,19.0,52.8,45.4,Urea
24.5,76.3,55.5,Red,Rice,41.6,43.2,24.2,14-35-14
28.9,73.4,55.8,Black,Ground Nuts,60.0,78.9,10.2,DAP
33.3,54.1,58.1,Red,Chickpea,19.9,79.6,71.8,Urea
31.8,52.7,25.0,Black,Sugarcane,37.5,52.3,53.7,17-17-17
30.2,65.3,44.0,Loamy,Ground Nuts,53.7,31.2,10.3,14-35-14
27.3,79.4,41.6,Sandy,Cotton,43.1,46.0,35.7,17-17-17
25.5,81.4,37.8,Loamy,Cotton,40.0,51.5,45.7,17-17-17
29.0,79.1,30.0,Black,Kidneybeans,50.3,34.6,17.7,14-35-14
36.9,44.1,25.8,Sandy,Ground Nuts,25.1,79.5,44.3,Urea
23.6,50.8,51.4,Red,Maize,27.7,47.9,79.3,Urea
21.7,40.3,31.1,Clayey,Wheat,32.1,30.8,24.9,14-35-14
27.1,55.1,33.3,Sandy,Cotton,14.4,67.1,52.7,Urea
20.1,81.9,29.4,Black,Cotton,43.1,43.7,50.4,17-17-17
35.7,76.5,64.2,Sandy,Maize,28.2,69.3,75.9,Urea
25.6,53.3,54.3,Loamy,Chickpea,27.4,43.9,12.9,28-28
30.5,83.9,55.5,Sandy,Chickpea,42.7,31.3,8.1,14-35-14
32.6,75.7,50.2,Sandy,Pigeonpeas,46.9,18.5,19.2,10-26-26
32.3,56.2,51.7,Clayey,Cotton,41.6,71.6,11.6,DAP
23.7,51.1,64.8,Red,Maize,12.1,45.2,12.7,28-28
20.3,69.6,39.6,Black,Chickpea,47.2,41.8,48.9,17-17-17
22.4,79.9,51.0,Black,Sugarcane,23.3,49.9,20.7,20-20
26.0,83.9,59.9,Sandy,Maize,41.6,51.9,46.8,17-17-17
37.4,71.2,27.8,Clayey,Pigeonpeas,13.8,73.7,21.6,28-28
32.6,49.3,25.8,Clayey,Wheat,44.4,29.8,16.7,14-35-14
23.6,48.0,38.5,Red,Rice,43.4,44.5,45.2,17-17-17
37.0,81.8,40.3,Loamy,Maize,43.1,42.4,7.9,DAP
23.7,59.9,27.6,Sandy,Wheat,26.5,76.1,11.9,28-28
27.8,75.4,43.5,Clayey,Pigeonpeas,28.8,58.5,17.3,28-28
20.2,79.6,26.8,Loamy,Sugarcane,23.3,43.9,74.9,Urea
35.3,64.7,32.9,Black,Kidneybeans,41.3,45.6,40.6,17-17-17
38.0,77.9,39.5,Black,Ground Nuts,20.2,69.6,32.5,20-20
31.1,45.1,31.3,Sandy,Rice,18.7,69.7,16.0,28-28
23.1,50.2,48.0,Loamy,Maize,42.7,28.4,16.8,14-35-14
24.6,62.1,64.0,Red,Rice,40.0,26.8,18.1,14-35-14
37.5,73.6,32.0,Clayey,Cotton,42.9,12.2,16.6,10-26-26
25.7,78.2,58.9,Clayey,Pigeonpeas,42.1,52.0,51.6,17-17-17
29.2,57.1,42.9,Clayey,Maize,54.6,44.0,42.0,17-17-17
36.0,54.3,31.6,Loamy,Kidneybeans,24.9,58.9,15.7,28-28
22.3,53.9,29.7,Loamy,Cotton,29.7,45.2,14.6,28-28
21.2,78.8,63.5,Black,Pigeonpeas,51.1,5.4,14.0,10-26-26
21.0,64.4,35.4,Red,Pigeonpeas,47.6,44.7,12.4,14-35-14
32.1,45.2,52.8,Sandy,Maize,28.8,50.0,38.9,20-20
35.2,49.2,54.7,Loamy,Chickpea,22.1,61.3,70.4,Urea
24.5,59.7,45.8,Black,Pigeonpeas,25.9,52.7,20.3,20-20
23.1,79.3,53.2,Red,Kidneybeans,43.4,66.1,16.1,DAP
28.8,45.0,41.8,Clayey,Cotton,54.2,7.7,5.7,10-26-26
34.6,46.1,43.7,Sandy,Kidneybeans,53.8,54.6,38.7,17-17-17
23.1,54.2,42.0,Clayey,Rice,16.2,78.9,14.2,28-28
20.0,66.8,61.6,Black,Cotton,40.8,48.0,38.7,17-17-17
25.7,51.3,63.2,Loamy,Sugarcane,81.5,21.9,14.1,10-26-26
22.8,59.2,46.5,Red,Sugarcane,30.7,40.6,15.5,14-35-14
37.4,44.3,40.6,Clayey,Wheat,58.3,8.0,16.5,10-26-26
37.2,73.0,51.5,Clayey,Kidneybeans,26.3,74.4,11.9,28-28
34.7,76.1,58.8,Red,Cotton,45.2,24.2,24.4,10-26-26
23.0,84.7,47.5,Sandy,Pigeonpeas,40.7,30.1,12.9,14-35-14
36.2,69.5,60.3,Clayey,Kidneybeans,17.1,76.8,61.7,Urea
37.1,60.0,32.0,Clayey,Ground Nuts,39.0,55.0,40.6,17-17-17
23.1,55.5,27.5,Black,Pigeonpeas,25.4,76.0,35.4,20-20
28.5,79.3,55.5,Sandy,Rice,63.1,21.9,18.4,10-26-26
36.3,73.3,46.7,Red,Wheat,45.9,35.4,13.9,14-35-14
32.9,78.8,31.2,Loamy,Pigeonpeas,43.5,38.7,14.9,14-35-14
26.7,54.8,41.9,Sandy,Kidneybeans,19.3,55.8,76.1,Urea
21.8,78.0,48.3,Red,Pigeonpeas,39.7,74.2,32.7,20-20
27.7,61.0,34.6,Sandy,Sugarcane,52.9,54.6,45.9,17-17-17
37.0,62.7,60.5,Black,Chickpea,40.7,33.4,14.4,14-35-14
29.7,60.2,42.6,Clayey,Ground Nuts,11.8,48.5,20.8,28-28
37.3,62.5,29.5,Red,Chickpea,43.2,42.9,16.1,14-35-14
27.8,58.5,26.4,Loamy,Maize,59.9,62.4,14.4,DAP
24.5,76.5,62.9,Clayey,Sugarcane,22.7,52.5,30.0,20-20
32.8,64.0,30.8,Loamy,Chickpea,40.4,8.5,21.2,10-26-26
32.4,58.7,50.9,Sandy,Cotton,53.9,15.5,17.1,10-26-26
20.2,63.4,49.2,Sandy,Maize,78.5,58.8,15.0,DAP
34.9,54.5,34.5,Sandy,Ground Nuts,37.9,39.9,16.6,14-35-14
31.5,62.8,53.7,Black,Wheat,77.5,21.9,19.9,10-26-26
36.2,77.1,52.3,Sandy,Pigeonpeas,71.5,23.9,19.5,10-26-26
27.3,49.7,39.2,Red,Chickpea,15.7,69.7,12.6,28-28
28.7,60.2,29.8,Sandy,Sugarcane,18.5,46.4,14.3,28-28
20.6,67.8,55.4,Loamy,Chickpea,29.6,69.8,38.6,20-20
34.0,77.4,39.5,Clayey,Cotton,14.3,69.6,15.8,28-28
24.5,66.6,27.8,Clayey,Ground Nuts,20.5,63.8,25.2,20-20
28.8,41.7,46.4,Clayey,Sugarcane,71.7,7.2,11.8,10-26-26
25.8,47.4,42.4,Red,Kidneybeans,29.0,49.1,20.3,20-20
32.0,80.3,27.3,Clayey,Chickpea,46.3,13.7,19.3,10-26-26
22.3,61.4,55.5,Red,Maize,50.3,79.7,13.2,DAP
23.9,63.5,31.2,Red,Cotton,33.3,48.0,32.1,20-20
25.3,43.9,55.4,Red,Rice,26.3,53.3,29.2,20-20
35.2,66.3,27.5,Loamy,Cotton,33.1,72.3,20.2,20-20
34.4,75.3,39.1,Clayey,Pigeonpeas,41.0,35.2,46.2,17-17-17
23.3,63.0,64.7,Red,Maize,66.1,61.0,6.0,DAP
36.6,59.8,64.8,Sandy,Ground Nuts,43.4,37.1,47.2,17-17-17
34.1,77.1,53.9,Black,Wheat,36.7,60.8,24.0,20-20
32.9,50.1,28.9,Loamy,Chickpea,53.3,38.1,46.2,17-17-17
36.8,82.2,61.6,Loamy,Rice,64.6,5.1,12.1,10-26-26
25.6,44.5,35.9,Red,Ground Nuts,36.6,62.3,39.6,20-20
29.1,42.3,62.7,Red,Ground Nuts,63.7,8.2,11.5,10-26-26
33.6,67.3,50.1,Black,Kidneybeans,32.8,64.4,32.6,20-20
23.5,41.3,57.2,Loamy,Maize,40.8,45.8,19.1,DAP
33.2,45.0,59.5,Red,Rice,51.8,45.0,48.1,17-17-17
30.7,78.1,39.3,Sandy,Sugarcane,33.2,39.5,15.2,14-35-14
21.6,80.2,40.6,Loamy,Kidneybeans,26.3,58.7,29.2,20-20
23.9,77.1,64.5,Clayey,Sugarcane,46.7,33.0,12.7,14-35-14
33.9,79.4,26.1,Loamy,Sugarcane,65.3,11.8,9.3,10-26-26
31.8,82.9,56.0,Red,Ground Nuts,36.1,51.5,30.6,20-20
22.1,66.8,36.0,Black,Sugarcane,21.6,64.4,28.6,20-20
32.4,56.8,35.5,Red,Cotton,25.2,58.2,21.6,28-28
37.0,76.8,48.5,Red,Chickpea,51.3,11.8,9.1,10-26-26
23.0,84.0,29.3,Red,Pigeonpeas,81.9,15.5,23.3,10-26-26
35.3,65.2,46.3,Sandy,Ground Nuts,43.0,37.4,38.2,17-17-17
31.9,81.2,28.6,Sandy,Ground Nuts,24.3,63.9,64.7,Urea
34.3,45.1,46.3,Loamy,Chickpea,33.0,35.2,22.8,14-35-14
26.3,72.0,39.6,Clayey,Sugarcane,36.7,70.2,29.1,20-20
33.2,49.5,30.8,Sandy,Cotton,26.3,54.0,39.5,20-20
28.8,63.3,42.3,Sandy,Chickpea,29.8,52.3,23.9,28-28
25.7,65.9,63.0,Loamy,Cotton,55.8,29.4,11.9,14-35-14
37.0,76.5,54.7,Black,Sugarcane,73.2,21.5,8.6,10-26-26
35.4,52.0,45.6,Clayey,Ground Nuts,22.1,74.3,33.2,20-20
20.8,82.0,53.2,Red,Sugarcane,69.8,69.9,18.5,DAP
31.3,78.4,57.1,Loamy,Pigeonpeas,41.9,5.7,12.6,10-26-26
35.7,45.4,43.0,Loamy,Wheat,53.2,45.4,51.3,17-17-17
22.2,48.5,39.0,Red,Chickpea,77.2,57.3,18.6,DAP
32.7,76.1,34.6,Clayey,Sugarcane,6.0,62.5,65.0,Urea
29.9,51.3,40.9,Black,Wheat,18.6,78.4,23.2,28-28
36.9,51.2,46.4,Clayey,Wheat,33.8,53.8,33.6,20-20
25.8,61.7,49.7,Sandy,Sugarcane,18.1,78.5,13.0,28-28
31.4,58.9,45.3,Clayey,Wheat,42.5,71.4,19.2,DAP
22.4,62.3,31.8,Red,Maize,45.0,64.2,20.9,DAP
30.0,44.9,62.3,Red,Pigeonpeas,13.3,59.9,48.8,Urea
24.9,52.9,35.8,Sandy,Wheat,74.2,43.0,5.5,DAP
29.8,66.6,62.4,Red,Chickpea,35.2,38.8,36.0,17-17-17
32.1,60.7,64.7,Loamy,Rice,10.7,79.4,52.4,Urea
30.0,77.9,44.2,Red,Kidneybeans,49.3,15.8,21.6,10-26-26
22.3,79.4,45.5,Sandy,Sugarcane,42.1,39.0,10.8,14-35-14
30.5,80.9,62.7,Black,Chickpea,21.3,45.8,28.0,20-20
24.4,75.5,50.4,Black,Chickpea,30.7,55.2,27.9,20-20
29.0,63.4,42.9,Black,Chickpea,15.1,43.9,11.8,28-28
28.2,73.1,39.7,Red,Sugarcane,10.4,59.8,11.5,28-28
32.5,71.4,53.2,Red,Maize,44.9,44.8,53.3,17-17-17
29.6,77.5,41.1,Clayey,Pigeonpeas,34.3,52.6,37.5,20-20
26.4,84.5,35.5,Black,Kidneybeans,25.1,60.2,35.4,20-20
25.3,52.6,30.8,Sandy,Chickpea,51.6,60.9,10.3,DAP
26.1,53.1,46.6,Clayey,Wheat,41.1,13.4,6.6,10-26-26
36.8,77.8,50.7,Clayey,Ground Nuts,32.2,66.9,29.3,20-20
30.3,60.0,51.7,Clayey,Maize,65.2,61.6,5.3,DAP
24.8,62.3,58.9,Red,Rice,20.1,45.6,21.2,28-28
23.0,55.8,35.6,Loamy,Cotton,54.0,54.7,17.0,DAP
34.1,82.6,39.2,Clayey,Wheat,15.0,60.0,19.2,28-28
23.3,82.4,55.2,Loamy,Chickpea,39.2,51.2,41.8,17-17-17
26.6,72.5,32.0,Sandy,Ground Nuts,66.6,11.9,18.9,10-26-26
28.5,57.2,35.0,Black,Ground Nuts,47.1,41.5,52.6,17-17-17
35.8,49.1,28.1,Black,Wheat,35.8,50.7,36.7,20-20
34.9,58.9,32.8,Sandy,Sugarcane,51.4,61.3,13.6,DAP
23.5,42.3,59.9,Clayey,Sugarcane,21.5,69.3,24.9,20-20
21.0,41.3,32.1,Black,Maize,39.7,66.5,34.3,20-20
36.4,52.0,43.5,Red,Sugarcane,64.7,25.0,24.0,10-26-26
26.8,40.4,25.4,Sandy,Wheat,60.7,5.5,14.8,10-26-26
30.1,53.5,31.7,Black,Chickpea,56.3,61.4,8.9,DAP
32.6,42.4,27.4,Red,Ground Nuts,41.1,47.8,52.9,17-17-17
36.6,64.7,48.3,Clayey,Sugarcane,56.1,71.1,21.1,DAP
34.9,77.0,32.6,Clayey,Kidneybeans,51.0,30.9,12.9,14-35-14
24.1,40.0,53.6,Clayey,Kidneybeans,38.4,39.8,37.1,17-17-17
30.1,46.1,31.0,Red,Ground Nuts,75.7,10.7,22.8,10-26-26
34.9,53.7,64.6,Red,Ground Nuts,32.3,34.0,19.3,14-35-14
24.7,72.2,53.9,Red,Kidneybeans,15.6,52.7,22.5,28-28
25.7,66.7,50.8,Sandy,Sugarcane,42.9,42.5,36.6,17-17-17
22.9,40.4,55.1,Black,Wheat,44.3,40.1,6.4,DAP
31.5,53.3,53.4,Clayey,Wheat,13.4,62.9,22.5,28-28
28.4,67.7,28.8,Loamy,Sugarcane,28.8,61.8,79.2,Urea
25.2,47.2,46.8,Loamy,Rice,30.6,69.4,21.5,20-20
28.4,72.4,46.2,Clayey,Kidneybeans,14.9,64.4,52.9,Urea
21.3,60.7,60.6,Black,Cotton,44.3,24.0,24.8,10-26-26
26.5,78.0,41.7,Loamy,Kidneybeans,59.8,20.5,17.7,10-26-26
23.8,53.1,56.5,Black,Chickpea,47.2,12.9,5.9,10-26-26
21.8,71.7,38.5,Loamy,Wheat,53.9,10.0,23.7,10-26-26
29.1,71.4,48.5,Loamy,Kidneybeans,25.8,67.6,42.9,Urea
27.9,77.9,44.6,Black,Rice,41.2,38.1,52.4,17-17-17
26.1,72.3,54.7,Red,Cotton,6.3,51.0,48.8,Urea
20.3,46.9,41.8,Black,Ground Nuts,21.4,60.9,30.2,20-20
22.3,73.3,40.9,Loamy,Maize,40.3,45.0,42.5,17-17-17
23.4,80.9,45.8,Loamy,Wheat,35.8,62.2,24.6,20-20
20.4,51.0,31.1,Clayey,Maize,26.5,56.2,58.7,Urea
35.3,71.8,36.6,Black,Rice,47.4,13.5,23.4,10-26-26
33.3,57.4,38.2,Black,Ground Nuts,31.9,46.7,37.4,20-20
32.4,53.3,61.5,Black,Pigeonpeas,40.5,53.4,51.0,17-17-17
20.4,61.8,45.0,Black,Wheat,52.9,55.1,7.2,DAP
37.8,54.3,46.3,Black,Rice,45.2,44.6,54.1,17-17-17
30.1,82.5,32.8,Clayey,Wheat,68.9,16.2,21.3,10-26-26
20.7,53.7,54.8,Red,Chickpea,41.9,68.2,8.7,DAP
29.3,70.9,51.0,Black,Chickpea,43.5,37.8,43.5,17-17-17
28.6,54.7,53.9,Black,Sugarcane,11.5,40.8,23.7,28-28
27.4,51.5,25.4,Loamy,Maize,38.2,38.2,9.9,14-35-14
23.7,80.5,45.9,Loamy,Pigeonpeas,45.2,9.1,13.0,10-26-26
32.9,76.0,38.8,Clayey,Kidneybeans,47.8,14.0,5.1,10-26-26
23.9,69.1,41.9,Clayey,Maize,45.9,40.7,13.1,DAP
23.1,72.3,55.8,Red,Sugarcane,43.9,39.7,20.1,14-35-14
30.0,65.9,30.2,Clayey,Wheat,29.2,74.5,25.4,20-20
27.7,72.7,45.4,Clayey,Cotton,32.4,71.9,27.9,20-20
35.0,69.7,39.0,Red,Ground Nuts,33.4,77.6,32.8,20-20
21.9,62.1,55.7,Clayey,Maize,14.4,49.7,14.0,28-28
30.4,81.6,30.9,Sandy,Ground Nuts,29.3,75.4,77.9,Urea
24.8,61.5,57.9,Clayey,Kidneybeans,38.1,38.6,11.1,14-35-14
24.6,41.6,41.4,Loamy,Wheat,44.8,5.8,23.1,10-26-26
29.8,74.6,28.6,Clayey,Ground Nuts,14.2,40.8,17.5,28-28
20.7,62.0,53.5,Red,Maize,26.7,53.1,77.4,Urea
34.1,49.0,30.2,Red,Rice,50.3,40.8,17.5,14-35-14
20.3,51.7,51.5,Loamy,Kidneybeans,41.4,10.9,6.7,10-26-26
28.3,56.4,39.1,Red,Ground Nuts,47.7,48.6,50.0,17-17-17
35.9,65.9,40.9,Black,Kidneybeans,56.4,10.0,5.2,10-26-26
37.9,45.3,25.6,Sandy,Pigeonpeas,27.8,69.2,13.7,28-28
34.8,70.6,56.6,Loamy,Kidneybeans,54.5,37.5,9.4,14-35-14
36.3,63.7,54.4,Loamy,Sugarcane,26.0,74.8,78.0,Urea
22.8,78.2,45.9,Clayey,Sugarcane,77.3,67.7,18.7,DAP
23.6,81.0,32.0,Clayey,Pigeonpeas,12.2,50.5,60.7,Urea
21.0,56.8,53.8,Loamy,Sugarcane,31.1,64.8,28.5,20-20
32.9,56.6,36.2,Clayey,Wheat,48.1,9.3,16.1,10-26-26
33.1,44.5,53.7,Loamy,Maize,23.6,41.7,22.5,28-28
27.4,81.8,38.7,Sandy,Chickpea,29.3,65.2,23.7,28-28
20.3,45.7,55.2,Red,Wheat,29.4,54.2,23.0,20-20
25.5,64.4,25.8,Sandy,Maize,20.4,49.4,19.6,28-28
35.0,80.2,57.9,Loamy,Rice,12.1,40.1,13.4,28-28
32.2,79.4,55.0,Loamy,Ground Nuts,82.2,5.2,6.1,10-26-26
21.6,59.2,30.4,Clayey,Wheat,28.3,62.8,17.1,28-28
27.0,51.3,31.6,Loamy,Chickpea,27.0,71.5,34.8,20-20
37.6,75.4,55.8,Sandy,Kidneybeans,52.1,42.2,35.0,17-17-17
22.0,73.7,30.4,Clayey,Maize,36.3,54.1,54.5,17-17-17
35.2,61.2,40.6,Sandy,Pigeonpeas,57.7,7.5,17.3,10-26-26
36.4,79.2,47.3,Red,Cotton,16.5,41.3,14.4,28-28
25.9,61.2,57.7,Sandy,Chickpea,22.5,76.4,37.2,20-20
24.5,70.9,54.7,Sandy,Pigeonpeas,47.2,70.0,20.5,DAP
31.6,74.3,55.4,Sandy,Cotton,56.6,43.6,20.4,14-35-14
20.1,50.8,29.0,Loamy,Wheat,37.8,25.6,11.0,14-35-14
25.0,66.1,33.1,Loamy,Ground Nuts,15.4,79.0,17.6,28-28
37.3,49.4,37.4,Clayey,Rice,70.8,60.8,19.7,DAP
24.0,65.1,55.6,Red,Rice,20.5,40.0,49.3,Urea
36.1,79.8,53.0,Black,Kidneybeans,19.3,45.5,17.7,28-28
29.5,54.3,35.3,Clayey,Cotton,41.5,49.2,14.9,DAP
35.8,73.4,61.0,Clayey,Cotton,76.8,8.8,24.8,10-26-26
22.3,63.5,50.3,Red,Cotton,31.6,76.8,25.2,20-20
28.9,41.4,49.5,Red,Wheat,22.9,70.3,56.7,Urea
37.6,83.4,41.7,Red,Ground Nuts,11.6,50.8,52.1,Urea
31.1,84.2,38.5,Red,Sugarcane,68.1,50.4,8.8,DAP
31.4,60.8,47.2,Black,Chickpea,12.1,65.0,41.0,Urea
33.4,81.2,63.3,Sandy,Maize,40.4,67.3,21.8,DAP
35.1,40.7,50.8,Black,Wheat,28.7,48.8,24.0,20-20
20.7,40.7,29.8,Red,Ground Nuts,69.2,16.1,16.3,10-26-26
36.5,79.1,39.8,Clayey,Cotton,42.8,75.5,20.2,DAP
28.6,48.0,44.1,Red,Kidneybeans,17.4,61.6,59.6,Urea
22.4,60.5,57.4,Black,Rice,26.6,60.8,16.2,28-28
27.3,60.0,59.9,Sandy,Kidneybeans,60.8,9.5,5.4,10-26-26
29.8,71.0,43.8,Black,Pigeonpeas,43.8,43.2,43.9,17-17-17
26.8,68.8,44.8,Red,Rice,74.0,46.8,19.9,DAP
20.4,63.4,52.2,Clayey,Maize,7.1,69.7,58.4,Urea
24.4,72.2,48.9,Clayey,Chickpea,39.2,43.5,52.0,17-17-17
34.2,47.5,26.1,Sandy,Wheat,22.6,53.2,24.6,28-28
32.6,62.6,31.7,Loamy,Sugarcane,71.7,10.7,10.8,10-26-26
20.3,64.6,53.3,Clayey,Wheat,50.8,40.2,38.9,17-17-17
30.6,69.1,43.1,Clayey,Pigeonpeas,29.4,53.9,11.3,28-28
29.8,49.6,44.0,Sandy,Sugarcane,13.0,78.7,50.7,Urea
21.8,77.8,62.3,Loamy,Pigeonpeas,16.4,71.7,23.9,28-28
20.2,66.5,45.1,Red,Ground Nuts,74.9,67.3,6.4,DAP
36.7,44.0,63.2,Sandy,Rice,81.5,12.2,6.1,10-26-26
37.6,44.0,61.9,Red,Chickpea,29.6,74.1,32.5,20-20
36.7,77.3,29.4,Red,Sugarcane,7.7,43.9,57.1,Urea
35.9,66.0,39.2,Black,Cotton,36.4,64.0,35.7,20-20
25.0,56.6,28.1,Black,Wheat,24.3,41.9,10.1,28-28
25.1,82.9,27.1,Clayey,Maize,71.9,14.6,15.6,10-26-26
23.4,64.9,35.1,Clayey,Rice,29.1,48.0,10.4,28-28
24.2,62.1,59.9,Loamy,Rice,72.0,6.8,16.6,10-26-26
24.5,58.8,39.0,Black,Ground Nuts,74.4,62.6,7.2,DAP
36.3,59.6,44.5,Sandy,Kidneybeans,38.5,62.1,30.4,20-20
25.1,74.4,43.8,Sandy,Sugarcane,16.3,66.1,19.3,28-28
35.8,79.9,63.3,Red,Sugarcane,37.4,58.3,20.0,20-20
30.8,67.3,39.6,Red,Kidneybeans,27.6,58.6,60.1,Urea
23.2,63.1,57.6,Black,Chickpea,53.3,39.2,21.4,14-35-14
20.3,77.1,30.7,Sandy,Pigeonpeas,26.2,53.6,31.4,20-20
31.6,64.5,27.0,Sandy,Pigeonpeas,73.5,18.0,15.1,10-26-26
22.9,48.8,63.9,Red,Ground Nuts,8.8,63.6,50.8,Urea
34.1,50.7,36.5,Sandy,Sugarcane,77.5,67.9,19.0,DAP
23.4,60.2,49.0,Red,Cotton,53.1,73.6,18.3,DAP
21.9,77.7,31.1,Black,Sugarcane,11.7,58.9,19.6,28-28
27.8,46.5,57.9,Black,Sugarcane,77.2,53.7,15.6,DAP
27.1,70.5,44.0,Black,Sugarcane,39.9,78.3,34.6,20-20
24.9,46.5,48.3,Sandy,Maize,38.4,44.2,43.5,17-17-17
36.4,47.3,39.8,Sandy,Wheat,43.5,51.0,42.2,17-17-17
32.3,49.4,43.5,Loamy,Wheat,76.4,59.9,10.6,DAP
33.5,51.4,41.6,Sandy,Chickpea,11.6,44.1,19.1,28-28
24.4,40.4,34.4,Red,Maize,45.5,46.7,15.4,DAP
25.4,41.6,26.5,Clayey,Cotton,41.1,52.7,17.6,DAP
32.9,79.7,50.6,Sandy,Wheat,11.3,72.3,13.8,28-28
34.0,54.9,37.9,Clayey,Ground Nuts,18.9,49.0,74.5,Urea
21.6,45.7,58.1,Black,Cotton,27.3,68.6,16.7,28-28
33.5,74.1,63.1,Clayey,Cotton,21.1,60.0,31.9,20-20
37.3,66.6,57.8,Sandy,Chickpea,25.6,46.8,42.7,Urea
31.9,68.0,44.8,Sandy,Chickpea,10.3,61.7,55.3,Urea
21.3,57.0,53.4,Black,Sugarcane,30.6,31.7,17.7,14-35-14
29.4,84.9,46.0,Loamy,Cotton,46.3,31.2,14.7,14-35-14
23.5,50.1,35.9,Loamy,Cotton,58.0,74.2,16.1,DAP
26.8,80.2,25.4,Red,Rice,33.6,50.6,29.5,20-20
28.7,65.3,48.7,Black,Sugarcane,47.8,35.4,44.9,17-17-17
32.2,42.6,47.6,Red,Kidneybeans,24.2,56.7,39.0,20-20
33.5,79.1,46.5,Loamy,Cotton,70.1,53.9,7.4,DAP
27.1,49.5,61.4,Red,Kidneybeans,58.0,25.1,16.5,14-35-14
31.8,77.7,46.0,Red,Sugarcane,48.3,62.2,13.9,DAP
32.3,78.1,52.7,Clayey,Pigeonpeas,81.9,20.3,19.3,10-26-26
36.1,61.4,62.8,Sandy,Maize,36.4,42.8,9.3,14-35-14
37.7,57.7,39.5,Sandy,Maize,39.6,34.9,23.2,14-35-14
29.7,52.4,54.2,Red,Kidneybeans,77.5,19.6,19.3,10-26-26
31.7,51.7,27.8,Loamy,Ground Nuts,28.3,54.0,29.2,20-20
24.0,73.7,42.5,Sandy,Kidneybeans,49.1,54.0,46.3,17-17-17
37.2,51.1,54.3,Sandy,Ground Nuts,28.8,61.0,26.0,20-20
25.6,84.6,26.5,Clayey,Maize,8.2,72.4,49.0,Urea
37.4,61.5,54.1,Clayey,Wheat,42.4,43.9,38.7,17-17-17
21.2,56.6,58.3,Sandy,Sugarcane,13.2,43.8,69.1,Urea
36.9,74.3,63.9,Black,Ground Nuts,41.5,47.8,9.8,DAP
21.7,84.9,35.7,Loamy,Rice,78.3,19.6,8.3,10-26-26
30.0,41.1,49.2,Sandy,Kidneybeans,8.6,74.3,71.9,Urea
24.0,48.8,31.6,Black,Kidneybeans,50.5,45.5,39.6,17-17-17
35.8,79.0,43.0,Black,Cotton,35.3,47.1,43.5,17-17-17
33.5,41.4,36.3,Red,Rice,59.9,47.4,5.8,DAP
32.7,50.2,56.8,Clayey,Ground Nuts,47.6,42.1,46.8,17-17-17
28.9,74.7,25.1,Loamy,Ground Nuts,75.5,66.7,9.6,DAP
29.0,81.3,53.3,Red,Maize,49.4,39.4,36.7,17-17-17
35.5,62.9,42.3,Black,Pigeonpeas,17.5,66.9,20.6,28-28
26.3,74.4,28.9,Sandy,Cotton,54.0,42.7,19.2,DAP
26.7,74.9,48.8,Loamy,Chickpea,65.8,44.7,17.9,DAP
37.1,68.6,31.2,Clayey,Cotton,34.4,68.3,34.4,20-20
37.2,45.8,52.9,Loamy,Chickpea,20.1,77.0,10.4,28-28
24.1,45.5,39.5,Clayey,Chickpea,11.4,78.7,60.3,Urea
20.7,58.1,57.0,Clayey,Kidneybeans,63.5,6.9,16.0,10-26-26
36.9,42.4,45.0,Loamy,Maize,56.9,20.9,17.5,10-26-26
32.8,46.0,57.6,Black,Pigeonpeas,47.1,41.8,54.0,17-17-17
23.5,49.2,50.8,Sandy,Ground Nuts,26.2,69.1,58.9,Urea
25.1,81.0,37.2,Sandy,Sugarcane,60.2,7.0,15.9,10-26-26
27.8,65.0,41.2,Clayey,Chickpea,14.2,70.2,18.9,28-28
33.2,51.6,32.0,Sandy,Maize,23.8,59.3,22.6,28-28
21.2,49.7,30.1,Sandy,Ground Nuts,16.2,63.6,17.7,28-28
28.9,53.5,31.4,Red,Kidneybeans,69.1,8.1,23.6,10-26-26
25.3,51.4,49.8,Black,Wheat,64.1,6.6,6.2,10-26-26
20.2,61.6,41.6,Loamy,Maize,12.1,72.2,23.8,28-28
35.5,56.7,33.4,Black,Kidneybeans,53.3,28.8,15.4,14-35-14
20.4,68.0,51.5,Red,Kidneybeans,41.2,41.8,41.4,17-17-17
26.3,80.8,64.3,Black,Maize,40.5,35.9,12.4,14-35-14
35.7,78.6,41.1,Red,Ground Nuts,24.0,74.1,18.4,28-28
33.4,80.4,62.0,Clayey,Chickpea,55.2,76.5,8.0,DAP
27.0,82.6,34.9,Red,Cotton,33.4,60.7,34.8,20-20
25.7,71.7,35.1,Black,Kidneybeans,35.2,55.5,31.2,20-20
24.6,76.1,27.8,Red,Ground Nuts,67.6,63.9,8.0,DAP
24.6,65.4,46.3,Black,Pigeonpeas,46.2,11.3,16.8,10-26-26
35.8,70.4,39.3,Black,Sugarcane,63.1,24.2,18.5,10-26-26
36.6,70.2,62.3,Loamy,Pigeonpeas,57.9,19.1,24.1,10-26-26
21.3,71.8,26.4,Red,Kidneybeans,77.9,6.9,14.3,10-26-26
20.0,58.7,54.1,Black,Rice,75.9,17.2,23.9,10-26-26
30.3,71.3,62.0,Red,Cotton,24.2,68.5,15.5,28-28
33.9,47.6,55.7,Clayey,Rice,25.0,74.6,18.1,28-28
27.6,51.4,39.9,Loamy,Kidneybeans,44.9,10.4,10.0,10-26-26
24.0,43.7,37.0,Clayey,Maize,39.5,42.1,46.0,17-17-17
20.8,53.5,46.2,Black,Maize,18.2,45.3,14.1,28-28
25.9,57.2,49.7,Red,Chickpea,51.6,43.1,14.7,14-35-14
31.6,82.9,56.8,Black,Sugarcane,41.6,58.8,10.6,DAP
20.2,42.7,64.7,Red,Wheat,32.2,32.1,8.8,14-35-14
31.4,41.1,60.9,Black,Chickpea,63.4,22.2,14.3,10-26-26
23.1,76.7,41.1,Clayey,Ground Nuts,58.1,27.3,24.1,14-35-14
31.6,41.6,60.6,Red,Chickpea,47.8,53.0,47.9,17-17-17
35.6,73.4,63.0,Sandy,Cotton,38.8,60.6,27.6,20-20
26.6,75.4,29.9,Loamy,Wheat,44.7,43.4,8.5,DAP
22.9,40.6,56.3,Sandy,Maize,76.6,19.8,8.2,10-26-26
35.0,53.9,62.7,Loamy,Chickpea,48.1,18.4,18.3,10-26-26
33.7,54.8,46.4,Red,Chickpea,42.8,14.7,9.2,10-26-26
23.8,55.2,47.5,Sandy,Wheat,63.7,51.2,11.3,DAP
23.6,68.5,47.8,Sandy,Chickpea,42.7,39.8,41.5,17-17-17
32.3,73.5,58.4,Loamy,Cotton,27.0,66.8,21.3,20-20
25.9,62.0,62.6,Red,Pigeonpeas,14.5,64.3,15.8,28-28
36.5,74.9,34.1,Loamy,Pigeonpeas,20.5,50.0,27.7,20-20
25.0,77.6,36.8,Loamy,Maize,11.1,57.1,10.8,28-28
27.7,44.6,44.7,Black,Rice,33.9,55.4,25.4,20-20
27.9,75.8,49.4,Clayey,Sugarcane,33.3,28.7,18.7,14-35-14
28.3,52.6,34.2,Clayey,Cotton,79.3,13.5,8.4,10-26-26
28.5,55.8,39.4,Clayey,Cotton,55.6,39.4,17.4,14-35-14
20.0,80.5,47.8,Sandy,Wheat,42.3,43.0,51.6,17-17-17
25.4,67.6,42.5,Black,Wheat,34.5,68.6,37.9,20-20
35.9,64.0,55.4,Clayey,Cotton,35.3,53.6,33.3,20-20
20.8,51.0,55.6,Clayey,Sugarcane,32.1,38.9,10.5,14-35-14
24.0,42.4,49.6,Clayey,Wheat,20.9,52.9,32.3,20-20
30.0,72.9,26.7,Clayey,Maize,35.2,37.6,44.2,17-17-17
27.8,48.9,46.9,Sandy,Maize,7.9,42.0,40.9,Urea
37.8,61.3,57.1,Sandy,Wheat,69.5,42.3,10.1,DAP
33.2,69.9,30.2,Sandy,Maize,49.2,42.2,21.1,14-35-14
20.3,71.8,50.4,Clayey,Pigeonpeas,46.7,6.4,20.3,10-26-26
22.5,79.9,54.2,Black,Rice,23.3,55.9,31.3,20-20
29.2,72.4,57.0,Loamy,Wheat,44.8,33.8,10.0,14-35-14
33.0,48.3,63.6,Clayey,Cotton,15.1,40.8,66.1,Urea
33.5,66.5,55.8,Black,Sugarcane,59.3,12.4,20.2,10-26-26
27.6,84.2,39.0,Black,Cotton,81.5,9.8,23.7,10-26-26
28.1,73.5,43.7,Clayey,Kidneybeans,49.1,57.0,8.4,DAP
20.3,72.6,39.0,Loamy,Maize,12.8,57.4,63.9,Urea
31.1,54.0,64.6,Loamy,Chickpea,60.0,7.5,17.7,10-26-26
25.8,64.5,30.9,Black,Sugarcane,58.1,56.8,20.0,DAP
28.8,80.0,58.8,Clayey,Pigeonpeas,15.9,44.0,21.9,28-28
27.5,53.7,62.0,Sandy,Rice,27.5,63.6,35.2,20-20
37.0,63.9,58.3,Clayey,Rice,56.4,18.5,7.0,10-26-26
28.1,54.8,57.3,Clayey,Pigeonpeas,12.6,65.4,24.4,28-28
36.2,44.4,29.7,Loamy,Kidneybeans,53.5,17.7,24.2,10-26-26
27.5,40.8,59.5,Clayey,Sugarcane,35.2,25.5,18.6,14-35-14
31.7,56.4,34.2,Red,Wheat,44.4,37.9,46.2,17-17-17
27.1,52.6,62.3,Red,Ground Nuts,70.8,17.9,10.2,10-26-26
23.9,84.9,42.3,Black,Kidneybeans,34.1,66.3,23.7,20-20
30.4,45.2,41.7,Red,Cotton,51.8,15.8,6.4,10-26-26
26.2,58.0,55.4,Black,Maize,19.7,51.7,24.1,28-28
29.8,42.4,40.9,Clayey,Ground Nuts,50.8,52.3,22.0,DAP
35.8,56.0,29.4,Red,Kidneybeans,58.5,35.1,16.3,14-35-14
30.8,78.5,40.3,Black,Sugarcane,73.3,12.5,17.6,10-26-26
36.8,58.1,53.3,Clayey,Sugarcane,20.1,68.5,22.1,28-28
24.5,65.9,63.6,Loamy,Wheat,48.0,44.8,6.6,DAP
35.3,80.8,45.3,Loamy,Chickpea,46.9,51.7,49.2,17-17-17
25.4,67.6,26.7,Loamy,Rice,12.4,62.7,23.0,28-28
32.2,67.3,47.6,Sandy,Kidneybeans,78.7,7.4,21.4,10-26-26
26.1,45.5,28.4,Clayey,Ground Nuts,42.1,11.9,7.2,10-26-26
21.8,73.9,36.0,Red,Sugarcane,16.1,51.5,43.5,Urea
37.1,65.7,37.2,Black,Ground Nuts,44.9,25.5,16.5,14-35-14
29.2,51.0,38.4,Clayey,Chickpea,78.8,15.6,15.5,10-26-26
26.1,53.2,59.9,Clayey,Cotton,50.9,37.6,45.3,17-17-17
25.7,42.5,53.1,Clayey,Wheat,80.1,23.8,17.7,10-26-26
35.1,78.5,58.2,Black,Pigeonpeas,76.0,9.3,12.2,10-26-26
29.9,52.3,27.6,Loamy,Sugarcane,42.2,6.4,7.3,10-26-26
26.2,58.8,62.2,Loamy,Rice,81.0,22.7,19.3,10-26-26
31.2,61.7,41.0,Clayey,Ground Nuts,29.7,57.4,72.8,Urea
26.3,58.1,25.7,Loamy,Sugarcane,54.4,36.6,14.1,14-35-14
27.7,42.4,31.7,Loamy,Kidneybeans,60.5,12.6,21.3,10-26-26
23.9,42.0,37.2,Clayey,Ground Nuts,71.3,6.5,24.0,10-26-26
33.5,84.7,40.9,Sandy,Ground Nuts,28.3,49.1,23.4,20-20
23.9,47.4,34.5,Loamy,Wheat,45.1,44.0,12.6,14-35-14
21.8,60.1,54.4,Loamy,Ground Nuts,9.3,74.6,51.4,Urea
26.0,60.9,62.1,Sandy,Sugarcane,28.0,45.3,11.3,28-28
22.7,68.6,63.0,Loamy,Sugarcane,29.9,64.0,55.0,Urea
29.7,65.2,40.4,Black,Rice,15.4,45.4,19.8,28-28
25.6,45.4,59.6,Clayey,Pigeonpeas,44.9,46.4,46.4,17-17-17
34.8,65.3,35.6,Clayey,Pigeonpeas,45.8,13.1,14.9,10-26-26
28.1,71.9,49.9,Clayey,Maize,47.9,40.9,49.3,17-17-17
30.6,54.0,64.8,Red,Chickpea,31.1,42.9,10.8,14-35-14
20.7,59.3,55.2,Sandy,Kidneybeans,66.2,22.4,23.7,10-26-26
29.3,43.3,57.7,Loamy,Ground Nuts,37.4,60.7,32.8,20-20
20.9,40.5,25.9,Sandy,Maize,30.3,29.8,9.9,14-35-14
20.8,47.2,40.4,Loamy,Pigeonpeas,36.6,44.5,13.2,14-35-14
21.7,72.9,54.6,Red,Ground Nuts,23.2,56.9,13.4,28-28
37.9,48.2,43.8,Sandy,Kidneybeans,26.8,59.1,49.0,Urea
34.0,53.1,36.1,Clayey,Kidneybeans,66.7,63.1,20.2,DAP
20.5,44.7,63.6,Black,Wheat,53.8,38.2,38.9,17-17-17
26.2,74.8,47.8,Loamy,Wheat,44.2,16.7,13.6,10-26-26
22.4,50.9,34.7,Clayey,Pigeonpeas,79.5,20.7,9.0,10-26-26
36.6,64.0,29.0,Loamy,Maize,31.8,48.3,35.6,20-20
36.0,70.2,64.3,Loamy,Rice,6.6,72.6,76.1,Urea
25.2,80.0,60.2,Sandy,Wheat,35.2,49.2,31.3,20-20
24.9,68.2,58.1,Red,Cotton,34.1,65.5,29.6,20-20
20.4,68.3,50.2,Red,Wheat,59.6,31.6,14.8,14-35-14
36.9,76.1,42.1,Sandy,Sugarcane,22.7,59.6,22.8,28-28
20.0,72.3,29.4,Red,Kidneybeans,14.9,62.4,14.5,28-28
26.3,60.0,27.6,Black,Pigeonpeas,71.8,58.4,9.1,DAP
22.2,42.9,64.0,Red,Sugarcane,23.6,68.1,16.3,28-28
28.6,59.3,25.4,Black,Kidneybeans,57.8,29.1,18.3,14-35-14
37.8,79.3,64.9,Loamy,Maize,24.9,73.8,36.8,20-20
23.2,44.6,54.5,Clayey,Ground Nuts,60.3,22.1,11.5,10-26-26
33.4,76.7,52.4,Loamy,Chickpea,59.8,20.4,12.6,10-26-26
25.0,48.5,35.5,Loamy,Cotton,70.1,46.9,11.3,DAP
33.0,84.7,30.3,Clayey,Wheat,31.5,41.6,19.8,14-35-14
32.7,56.2,26.8,Clayey,Kidneybeans,13.2,63.6,12.1,28-28
29.8,59.0,49.7,Clayey,Wheat,43.3,38.6,12.2,14-35-14
35.1,59.4,41.1,Sandy,Kidneybeans,41.3,21.2,18.9,10-26-26
20.1,63.9,29.3,Clayey,Sugarcane,17.8,51.0,18.8,28-28
20.3,41.5,52.4,Sandy,Sugarcane,51.8,43.1,49.2,17-17-17
25.7,69.4,28.2,Loamy,Cotton,50.9,15.6,20.5,10-26-26
29.5,75.6,29.6,Sandy,Maize,28.2,49.0,72.8,Urea
21.3,77.7,32.0,Sandy,Ground Nuts,6.8,63.1,56.0,Urea
21.1,73.7,47.6,Clayey,Cotton,60.2,15.0,11.2,10-26-26
35.8,64.5,34.5,Sandy,Pigeonpeas,37.0,52.2,31.1,20-20
35.2,60.4,54.1,Clayey,Sugarcane,43.8,79.3,11.7,DAP
21.9,68.8,45.9,Loamy,Pigeonpeas,27.5,60.4,69.1,Urea
24.1,40.8,48.0,Black,Rice,24.2,49.4,24.2,20-20
27.7,54.9,64.1,Black,Rice,55.9,34.3,13.5,14-35-14
37.2,58.2,60.0,Black,Sugarcane,48.5,5.5,16.0,10-26-26
31.3,42.3,33.4,Loamy,Rice,21.5,67.0,25.8,20-20
29.9,52.3,34.8,Clayey,Pigeonpeas,37.7,47.3,52.0,17-17-17
26.1,80.5,27.0,Clayey,Ground Nuts,40.5,25.6,10.0,14-35-14
32.4,53.0,59.0,Loamy,Chickpea,28.8,78.4,39.4,20-20
32.7,80.3,34.5,Red,Sugarcane,26.9,59.9,35.1,20-20
26.3,60.4,48.8,Black,Kidneybeans,39.5,77.3,26.6,20-20
30.4,49.3,56.8,Black,Pigeonpeas,32.6,53.1,26.4,20-20
26.3,74.3,49.3,Black,Cotton,7.6,64.1,74.1,Urea
33.9,49.4,43.1,Red,Maize,46.2,71.1,21.3,DAP
28.8,46.2,51.9,Sandy,Wheat,19.9,40.5,51.8,Urea
22.8,57.0,50.1,Loamy,Cotton,64.6,11.9,9.6,10-26-26
30.0,56.3,39.6,Clayey,Kidneybeans,52.6,54.8,35.8,17-17-17
27.1,63.1,57.4,Black,Chickpea,62.1,60.7,19.4,DAP
21.3,72.1,53.1,Loamy,Pigeonpeas,47.3,43.7,45.2,17-17-17
36.9,66.5,37.4,Sandy,Cotton,60.2,8.2,21.1,10-26-26
29.0,47.9,51.3,Loamy,Wheat,54.5,52.2,52.4,17-17-17
24.2,67.8,45.4,Loamy,Chickpea,29.8,65.4,79.3,Urea
29.9,54.9,31.8,Loamy,Rice,44.3,41.7,37.0,17-17-17
24.6,78.3,39.2,Red,Rice,10.7,52.9,47.0,Urea
33.9,80.4,38.3,Clayey,Kidneybeans,29.8,42.1,44.1,Urea
21.6,45.1,26.3,Sandy,Ground Nuts,22.1,79.0,24.2,20-20
23.8,56.9,25.3,Black,Rice,22.3,62.9,52.9,Urea
37.7,58.5,55.5,Red,Ground Nuts,12.0,54.9,21.7,28-28
34.2,69.2,47.8,Loamy,Maize,9.2,78.4,73.5,Urea
27.0,73.3,49.1,Black,Cotton,70.2,14.8,12.8,10-26-26
31.6,84.4,33.6,Black,Kidneybeans,66.9,11.8,20.6,10-26-26
27.7,58.5,64.5,Black,Rice,29.4,76.2,25.1,20-20
27.8,82.9,33.2,Black,Maize,12.8,51.6,52.3,Urea
36.0,54.8,41.9,Red,Maize,33.4,73.7,20.3,20-20
27.6,48.5,25.3,Clayey,Pigeonpeas,83.7,24.4,13.6,10-26-26
22.0,81.0,32.8,Red,Chickpea,64.5,75.3,21.8,DAP
32.4,77.4,41.4,Sandy,Sugarcane,23.9,78.9,13.0,28-28
31.9,61.0,57.5,Black,Rice,38.1,36.3,50.8,17-17-17
36.4,50.2,46.9,Loamy,Sugarcane,28.9,55.7,59.9,Urea
28.6,75.2,42.3,Loamy,Ground Nuts,25.0,47.7,26.5,20-20
34.6,58.9,55.6,Loamy,Wheat,29.1,78.1,22.7,28-28
33.5,42.9,53.6,Sandy,Ground Nuts,20.5,52.5,23.5,28-28
29.9,60.3,25.6,Sandy,Cotton,73.0,67.3,19.9,DAP
36.9,69.9,59.9,Loamy,Chickpea,25.7,64.0,54.4,Urea
29.7,64.0,50.5,Clayey,Maize,12.6,47.6,61.6,Urea
32.3,45.4,29.9,Black,Pigeonpeas,47.0,32.8,12.6,14-35-14
21.8,45.0,47.9,Loamy,Rice,25.6,79.1,15.5,28-28
32.0,51.9,47.8,Clayey,Ground Nuts,43.8,45.4,46.1,17-17-17
37.7,42.2,60.5,Black,Wheat,31.2,78.4,25.0,20-20
37.6,53.7,35.6,Red,Wheat,45.8,8.1,15.2,10-26-26
34.9,41.9,41.8,Sandy,Rice,60.7,14.4,20.8,10-26-26
25.4,46.7,34.1,Clayey,Maize,19.4,51.6,16.4,28-28
34.4,69.0,56.3,Black,Pigeonpeas,59.4,12.0,16.9,10-26-26
28.2,49.5,33.1,Red,Kidneybeans,78.7,15.9,18.6,10-26-26
24.9,44.0,58.2,Sandy,Cotton,26.3,42.6,48.8,Urea
35.1,66.2,37.9,Loamy,Chickpea,45.5,26.9,19.9,14-35-14
25.4,68.2,57.9,Red,Maize,63.0,11.2,19.4,10-26-26
26.8,84.2,51.6,Clayey,Maize,29.1,74.6,13.0,28-28
25.3,56.2,64.6,Clayey,Ground Nuts,53.5,42.4,9.2,14-35-14
21.0,77.9,50.9,Red,Rice,58.2,16.8,5.3,10-26-26
26.0,83.0,38.3,Clayey,Sugarcane,65.4,12.9,13.1,10-26-26
33.0,51.5,28.6,Clayey,Wheat,36.6,53.9,43.5,17-17-17
34.4,53.8,43.8,Loamy,Pigeonpeas,20.4,59.6,34.7,20-20
31.0,63.9,52.3,Black,Kidneybeans,47.7,46.7,52.6,17-17-17
32.2,80.6,40.4,Clayey,Sugarcane,71.2,42.4,17.3,DAP
28.9,54.0,45.1,Sandy,Rice,47.3,7.0,12.4,10-26-26
22.9,43.8,40.3,Loamy,Pigeonpeas,55.3,26.4,23.4,14-35-14
32.0,50.5,44.6,Black,Wheat,42.8,47.5,36.8,17-17-17
32.5,59.7,47.1,Sandy,Sugarcane,62.3,59.0,9.7,DAP
22.3,57.4,46.2,Red,Kidneybeans,32.0,72.2,38.7,20-20
20.6,51.7,36.1,Black,Chickpea,57.3,26.6,19.0,14-35-14
35.7,72.4,50.7,Clayey,Sugarcane,21.3,56.8,20.8,28-28
36.5,65.9,54.5,Sandy,Cotton,19.8,42.6,10.4,28-28
23.9,72.5,57.4,Black,Pigeonpeas,18.2,56.2,21.2,28-28
22.9,42.3,34.6,Red,Wheat,67.4,49.8,6.4,DAP
20.9,42.8,62.7,Red,Ground Nuts,74.0,77.0,19.4,DAP
27.2,72.3,60.0,Loamy,Kidneybeans,59.6,23.6,15.7,10-26-26
22.9,61.8,33.7,Clayey,Rice,32.1,58.3,31.2,20-20
25.3,74.3,54.8,Loamy,Chickpea,14.9,69.9,20.9,28-28
29.4,81.5,50.6,Clayey,Cotton,47.8,13.5,18.7,10-26-26
30.1,71.3,29.7,Red,Cotton,37.5,32.8,10.4,14-35-14
28.8,51.6,55.2,Black,Chickpea,24.4,75.1,12.1,28-28
20.9,67.4,41.3,Black,Wheat,52.7,57.5,15.9,DAP
22.0,43.3,54.8,Loamy,Cotton,49.2,46.2,36.2,17-17-17
20.4,41.4,45.3,Clayey,Kidneybeans,23.4,48.9,44.8,Urea
23.9,54.7,50.1,Loamy,Wheat,46.9,58.7,9.4,DAP
21.5,40.3,26.2,Clayey,Chickpea,62.5,54.7,18.0,DAP
21.7,54.5,25.8,Loamy,Wheat,22.2,74.0,36.2,20-20
34.3,70.2,51.8,Clayey,Pigeonpeas,50.0,32.3,16.7,14-35-14
27.6,67.6,55.5,Black,Pigeonpeas,20.9,77.4,19.4,28-28
30.6,67.6,57.8,Loamy,Sugarcane,13.6,47.9,47.7,Urea
23.7,46.5,29.8,Clayey,Sugarcane,65.1,40.7,5.0,DAP
32.5,59.4,52.6,Sandy,Chickpea,18.0,46.5,79.1,Urea
27.4,82.9,58.0,Clayey,Sugarcane,29.6,60.2,33.5,20-20
28.5,73.5,55.6,Sandy,Wheat,9.0,75.8,63.7,Urea
33.5,67.5,29.0,Black,Cotton,41.9,44.9,16.6,14-35-14
27.7,63.1,30.9,Clayey,Kidneybeans,64.8,17.2,7.9,10-26-26
20.4,56.9,29.4,Red,Cotton,13.8,54.9,46.9,Urea
31.8,81.3,41.0,Red,Kidneybeans,48.7,22.1,10.4,10-26-26
37.5,75.4,46.7,Black,Ground Nuts,83.1,14.6,8.1,10-26-26
35.8,63.7,38.4,Sandy,Sugarcane,14.2,65.0,22.0,28-28
35.3,81.9,63.9,Sandy,Sugarcane,53.4,42.1,10.4,14-35-14
30.5,69.9,53.5,Clayey,Pigeonpeas,52.6,36.5,42.4,17-17-17
31.2,70.0,46.9,Black,Pigeonpeas,14.1,72.2,21.3,28-28
22.1,43.8,38.6,Red,Ground Nuts,12.8,71.3,78.1,Urea
23.0,84.0,40.0,Sandy,Maize,33.2,42.5,16.4,14-35-14
36.0,52.2,26.6,Red,Pigeonpeas,78.2,16.9,22.3,10-26-26
36.0,64.9,63.7,Sandy,Wheat,79.8,74.0,7.0,DAP
29.6,82.4,52.3,Black,Chickpea,49.4,43.4,20.1,14-35-14
27.2,40.5,30.0,Red,Kidneybeans,26.5,75.9,31.3,20-20
21.3,52.9,39.7,Red,Maize,68.0,15.6,6.3,10-26-26
32.1,40.8,55.2,Red,Ground Nuts,25.3,63.5,26.2,20-20
21.5,60.0,59.0,Clayey,Wheat,22.3,56.8,14.4,28-28
26.2,84.9,25.1,Sandy,Sugarcane,41.1,48.0,19.0,DAP
30.6,65.5,63.8,Loamy,Sugarcane,37.7,49.0,38.9,20-20
37.7,71.9,27.5,Red,Pigeonpeas,35.7,49.6,38.4,17-17-17
21.2,60.0,59.0,Black,Kidneybeans,43.1,76.0,11.0,DAP
36.4,63.3,28.0,Red,Chickpea,7.8,77.6,55.3,Urea
26.6,41.9,64.0,Red,Kidneybeans,40.7,54.7,21.1,DAP
37.6,83.5,31.4,Loamy,Cotton,47.2,65.5,14.6,DAP
25.8,74.4,63.4,Clayey,Pigeonpeas,15.5,62.5,13.7,28-28
37.2,70.4,47.0,Loamy,Maize,40.2,9.0,5.8,10-26-26
25.5,56.2,41.8,Sandy,Sugarcane,44.0,67.0,5.7,DAP
31.4,77.2,42.1,Red,Maize,47.8,51.8,54.1,17-17-17
23.2,65.2,64.3,Red,Rice,45.4,43.1,53.6,17-17-17
22.5,56.7,53.2,Black,Cotton,41.5,36.5,12.2,14-35-14
32.7,83.9,34.3,Loamy,Kidneybeans,35.5,58.4,21.8,20-20
29.5,79.7,62.8,Clayey,Rice,37.0,54.6,40.4,17-17-17
35.1,82.5,35.9,Loamy,Chickpea,46.8,68.1,13.2,DAP
21.8,74.1,48.9,Black,Chickpea,40.5,54.5,40.1,17-17-17
36.3,84.9,31.6,Red,Chickpea,31.6,34.2,13.6,14-35-14
34.8,74.5,40.0,Loamy,Maize,21.3,40.7,22.5,28-28
24.0,63.7,28.7,Clayey,Rice,43.1,35.4,17.9,14-35-14
32.3,82.0,30.9,Red,Wheat,22.3,60.1,76.5,Urea
35.6,57.7,62.0,Red,Maize,37.0,65.1,27.5,20-20
31.8,84.8,62.5,Loamy,Pigeonpeas,40.2,42.7,20.1,DAP
26.1,83.0,52.9,Clayey,Rice,64.3,8.2,15.2,10-26-26
24.7,42.0,25.1,Sandy,Wheat,55.8,6.2,9.8,10-26-26
32.7,53.5,55.3,Red,Kidneybeans,48.2,72.2,14.3,DAP
30.1,71.2,46.3,Loamy,Maize,59.5,21.8,12.7,10-26-26
27.0,68.2,47.1,Clayey,Wheat,39.2,57.3,23.7,20-20
23.4,62.7,59.0,Sandy,Wheat,10.9,78.2,77.4,Urea
26.6,57.9,57.9,Black,Ground Nuts,43.6,24.3,11.3,10-26-26
23.3,40.2,45.4,Black,Chickpea,18.9,60.2,73.0,Urea
24.0,69.3,61.2,Black,Kidneybeans,43.8,21.9,9.3,10-26-26
28.8,49.4,33.0,Loamy,Cotton,28.8,67.8,21.4,28-28
36.1,59.7,34.4,Loamy,Maize,43.2,37.2,49.3,17-17-17
30.9,46.6,54.1,Red,Cotton,49.3,17.9,13.7,10-26-26
37.6,83.3,34.4,Clayey,Kidneybeans,7.5,68.1,45.9,Urea
26.0,47.6,48.2,Black,Sugarcane,44.7,43.8,49.6,17-17-17
36.1,77.6,26.9,Loamy,Cotton,58.4,25.7,10.2,14-35-14
32.0,72.3,48.2,Black,Chickpea,39.2,70.9,20.4,20-20
25.9,47.8,49.1,Red,Maize,24.2,61.6,14.8,28-28
33.9,42.9,49.8,Red,Cotton,14.7,78.3,18.4,28-28
24.2,64.0,29.6,Black,Rice,46.0,41.5,35.0,17-17-17
33.1,55.7,28.7,Sandy,Sugarcane,45.3,45.7,39.3,17-17-17
23.2,60.9,25.8,Red,Kidneybeans,37.8,49.9,48.6,17-17-17
29.0,44.6,32.9,Red,Rice,44.6,46.3,52.8,17-17-17
32.1,81.7,38.9,Loamy,Ground Nuts,13.2,49.8,62.9,Urea
37.3,48.2,37.4,Loamy,Wheat,45.3,33.3,22.7,14-35-14
34.0,81.5,37.2,Clayey,Wheat,49.9,42.2,11.5,DAP
27.9,64.3,32.9,Red,Wheat,15.8,76.0,60.1,Urea
31.6,40.9,54.0,Black,Pigeonpeas,35.7,52.5,54.9,17-17-17
27.3,79.3,26.3,Black,Pigeonpeas,75.8,69.5,16.1,DAP
35.3,51.1,25.7,Clayey,Sugarcane,64.8,62.7,12.8,DAP
31.4,74.4,28.4,Loamy,Cotton,9.0,57.3,69.3,Urea
35.8,71.5,51.2,Sandy,Kidneybeans,24.7,56.2,15.5,28-28
29.9,74.7,39.8,Red,Chickpea,23.3,51.2,56.4,Urea
28.5,52.0,38.8,Red,Kidneybeans,23.0,47.4,23.2,28-28
31.5,75.4,53.0,Red,Pigeonpeas,10.1,69.1,42.9,Urea
35.8,74.0,62.3,Black,Pigeonpeas,36.6,38.8,22.2,14-35-14
33.9,46.4,33.2,Loamy,Pigeonpeas,50.6,29.1,17.5,14-35-14
29.4,57.6,63.4,Clayey,Wheat,55.1,22.1,20.6,10-26-26
33.1,49.3,40.1,Clayey,Chickpea,5.2,65.0,70.3,Urea
31.7,40.2,35.1,Loamy,Pigeonpeas,59.8,42.6,15.5,DAP
37.8,52.6,64.0,Black,Wheat,23.7,71.4,27.2,20-20
29.5,78.0,34.4,Sandy,Maize,59.9,16.9,8.1,10-26-26
27.0,62.7,32.6,Sandy,Sugarcane,27.5,47.7,18.6,28-28
35.6,66.1,29.5,Black,Maize,24.3,53.4,25.6,20-20
28.0,69.8,52.5,Sandy,Sugarcane,56.1,33.1,8.6,14-35-14
26.7,71.9,34.0,Loamy,Wheat,33.1,47.0,23.3,20-20
29.9,75.8,38.3,Clayey,Maize,63.7,77.8,13.4,DAP
23.7,62.9,30.0,Red,Pigeonpeas,53.8,54.5,54.3,17-17-17
37.0,70.2,53.0,Black,Cotton,12.4,42.4,23.1,28-28
27.3,57.7,37.1,Red,Ground Nuts,43.8,32.5,12.3,14-35-14
24.7,42.0,35.7,Clayey,Cotton,42.4,18.2,23.5,10-26-26
30.5,64.9,59.4,Black,Kidneybeans,44.1,61.5,10.9,DAP
34.5,58.0,32.6,Sandy,Cotton,70.4,60.6,6.5,DAP
33.3,54.2,44.4,Sandy,Pigeonpeas,26.3,49.2,24.3,28-28
31.0,52.9,51.1,Black,Chickpea,23.1,44.0,18.9,28-28
32.1,46.9,30.3,Red,Cotton,48.2,51.8,18.0,DAP
36.3,47.2,26.1,Red,Maize,27.7,78.9,72.9,Urea
21.9,70.8,49.2,Sandy,Ground Nuts,56.2,17.8,6.1,10-26-26
28.8,40.8,30.9,Sandy,Cotton,14.5,49.1,67.3,Urea
36.0,54.7,30.3,Black,Wheat,17.2,44.4,69.9,Urea
20.6,61.7,36.9,Clayey,Kidneybeans,26.1,58.2,64.1,Urea
20.7,80.2,64.9,Loamy,Wheat,23.6,50.0,22.4,20-20
30.4,71.7,35.6,Red,Kidneybeans,50.0,7.1,18.5,10-26-26
31.6,67.6,53.8,Black,Kidneybeans,32.9,68.9,30.4,20-20
30.1,66.6,63.9,Clayey,Rice,17.2,48.1,15.9,28-28
24.5,67.4,52.5,Black,Sugarcane,44.1,33.9,22.9,14-35-14
35.5,47.4,26.0,Sandy,Pigeonpeas,44.0,24.4,10.7,10-26-26
35.9,61.7,52.9,Loamy,Ground Nuts,21.0,55.5,30.7,20-20
20.0,61.0,44.5,Loamy,Wheat,74.5,54.5,12.6,DAP
21.5,82.6,36.7,Loamy,Maize,50.2,23.9,7.6,10-26-26
27.7,66.2,55.3,Red,Rice,40.3,54.6,52.8,17-17-17
25.6,54.0,34.1,Black,Kidneybeans,54.3,23.1,9.3,10-26-26
33.5,50.0,33.8,Loamy,Rice,58.4,44.8,24.2,14-35-14
36.7,65.1,35.0,Sandy,Wheat,24.1,59.9,22.7,20-20
34.1,64.7,52.2,Loamy,Maize,58.2,32.3,18.9,14-35-14
22.4,54.7,48.1,Clayey,Wheat,23.5,52.7,21.5,28-28
21.7,62.3,57.8,Loamy,Rice,71.0,45.7,20.9,DAP
35.5,62.0,26.1,Loamy,Cotton,22.7,61.2,55.5,Urea
34.5,79.6,62.5,Loamy,Chickpea,56.2,71.6,14.7,DAP
23.9,51.5,36.9,Black,Chickpea,70.7,72.8,12.3,DAP
33.6,42.3,58.5,Clayey,Rice,28.5,45.0,79.7,Urea
24.7,73.6,64.1,Red,Maize,66.8,5.2,22.0,10-26-26
22.3,57.8,35.9,Red,Ground Nuts,53.1,21.1,7.5,10-26-26
23.1,66.5,35.2,Loamy,Chickpea,37.8,38.1,16.3,14-35-14
31.5,82.4,33.5,Red,Ground Nuts,42.7,7.9,15.7,10-26-26
20.1,76.8,45.7,Red,Sugarcane,46.8,33.6,19.4,14-35-14
33.6,49.9,26.1,Black,Ground Nuts,84.1,12.6,24.6,10-26-26
22.4,71.5,43.2,Black,Sugarcane,63.9,7.8,7.9,10-26-26
21.7,52.9,59.8,Black,Ground Nuts,43.3,15.5,22.5,10-26-26
25.3,53.8,60.4,Black,Pigeonpeas,51.7,41.0,19.4,14-35-14
30.2,63.3,51.2,Black,Cotton,61.1,48.0,8.9,DAP
37.1,61.9,43.6,Loamy,Wheat,49.6,30.1,9.8,14-35-14
20.2,49.2,52.3,Red,Rice,35.3,55.2,36.8,20-20
20.9,56.7,35.9,Loamy,Rice,17.7,43.9,12.4,28-28
35.1,63.2,40.1,Clayey,Wheat,76.9,74.2,5.6,DAP
23.6,42.2,29.3,Sandy,Cotton,45.7,31.7,20.9,14-35-14
28.0,47.8,26.9,Clayey,Pigeonpeas,39.9,46.2,37.9,17-17-17
20.4,69.3,33.4,Clayey,Cotton,48.9,52.5,41.2,17-17-17
27.7,78.8,31.0,Sandy,Kidneybeans,38.4,29.2,9.6,14-35-14
27.7,64.0,60.9,Loamy,Sugarcane,55.0,54.4,50.1,17-17-17
32.7,43.6,41.1,Clayey,Wheat,47.9,40.5,42.0,17-17-17
37.5,66.3,42.8,Red,Ground Nuts,10.6,67.4,66.1,Urea
23.7,64.5,55.6,Clayey,Maize,52.9,38.9,50.8,17-17-17
35.2,51.6,36.4,Sandy,Chickpea,39.2,45.3,27.6,20-20
20.6,49.1,35.7,Sandy,Chickpea,43.3,5.5,12.1,10-26-26
27.2,73.8,27.9,Loamy,Ground Nuts,43.6,59.5,16.1,DAP
37.1,72.6,57.0,Sandy,Cotton,79.2,69.5,20.8,DAP
30.3,65.9,63.1,Sandy,Ground Nuts,43.9,46.5,48.8,17-17-17
23.9,66.3,38.9,Clayey,Chickpea,48.1,36.3,35.3,17-17-17
28.8,43.5,32.6,Loamy,Chickpea,13.0,63.8,56.8,Urea
22.4,41.2,31.1,Black,Maize,47.5,38.8,36.5,17-17-17
23.5,81.0,25.8,Red,Cotton,69.4,18.5,12.7,10-26-26
34.8,58.3,64.4,Clayey,Pigeonpeas,24.3,60.6,78.6,Urea
37.4,54.6,56.9,Clayey,Maize,14.2,47.2,18.2,28-28
22.6,68.5,48.7,Clayey,Wheat,44.8,62.5,10.5,DAP
33.5,52.7,25.8,Black,Cotton,18.5,55.7,78.3,Urea
29.5,71.6,63.8,Red,Chickpea,57.4,54.8,11.9,DAP
33.0,40.7,36.6,Red,Chickpea,65.7,52.1,8.2,DAP
23.4,64.4,36.3,Red,Pigeonpeas,39.7,26.3,14.0,14-35-14
31.9,56.7,50.8,Loamy,Rice,42.1,49.6,48.5,17-17-17
23.9,62.2,55.2,Sandy,Rice,60.8,49.9,9.9,DAP
25.7,42.7,52.5,Loamy,Cotton,62.7,68.2,10.9,DAP
29.2,68.6,51.4,Clayey,Ground Nuts,51.6,46.3,7.4,DAP
24.5,44.7,55.8,Black,Ground Nuts,54.4,21.6,21.8,10-26-26
32.6,70.3,40.5,Loamy,Chickpea,67.3,53.3,20.3,DAP
35.7,47.7,39.1,Black,Ground Nuts,24.4,66.9,41.2,Urea
30.6,43.5,35.3,Sandy,Ground Nuts,32.8,42.5,13.4,14-35-14
27.8,60.7,63.8,Loamy,Sugarcane,25.9,59.7,32.5,20-20
34.6,44.4,27.8,Loamy,Kidneybeans,8.8,69.0,70.6,Urea
34.6,76.6,50.7,Sandy,Cotton,44.2,53.5,52.3,17-17-17
35.9,80.2,46.0,Loamy,Cotton,8.4,65.1,62.6,Urea
32.6,84.4,42.7,Clayey,Wheat,45.5,35.8,16.9,14-35-14
20.0,44.4,29.1,Loamy,Rice,51.1,42.9,11.5,14-35-14
30.5,46.7,58.5,Sandy,Chickpea,79.7,9.2,14.3,10-26-26
33.7,44.4,26.6,Red,Ground Nuts,25.1,79.8,16.4,28-28
29.6,83.0,37.0,Black,Ground Nuts,51.6,51.1,18.6,DAP
22.0,80.6,46.6,Sandy,Sugarcane,49.4,38.3,39.5,17-17-17
28.2,41.3,40.4,Black,Chickpea,74.7,19.0,21.4,10-26-26
24.5,50.4,63.0,Black,Wheat,10.6,62.8,12.1,28-28
37.6,71.7,58.3,Black,Rice,41.6,55.0,9.0,DAP
20.1,62.6,53.2,Black,Rice,8.9,43.4,66.0,Urea
34.5,68.7,60.4,Clayey,Wheat,67.1,62.6,18.9,DAP
36.8,72.1,26.5,Black,Kidneybeans,55.1,78.3,18.8,DAP
37.8,79.9,41.4,Red,Sugarcane,42.4,38.0,40.9,17-17-17
33.3,59.8,60.5,Loamy,Pigeonpeas,54.3,34.2,21.4,14-35-14
37.7,76.3,53.4,Loamy,Kidneybeans,23.5,68.8,18.8,28-28
32.5,74.7,56.7,Clayey,Kidneybeans,11.8,72.0,10.8,28-28
25.9,79.4,58.7,Clayey,Maize,58.6,38.2,21.4,14-35-14
23.1,51.6,55.3,Loamy,Cotton,25.5,78.0,16.1,28-28
23.1,76.9,38.4,Black,Wheat,36.9,44.1,50.7,17-17-17
36.8,66.4,36.9,Sandy,Cotton,38.0,51.7,51.6,17-17-17
25.2,73.1,56.0,Sandy,Rice,54.3,25.2,17.7,14-35-14
22.1,67.3,64.3,Sandy,Chickpea,14.9,52.1,19.7,28-28
34.2,63.8,26.2,Sandy,Maize,20.8,73.2,32.3,20-20
31.0,50.1,49.5,Red,Ground Nuts,68.3,17.4,19.7,10-26-26
37.1,64.2,51.9,Black,Sugarcane,22.0,71.9,27.6,20-20
28.7,48.3,44.7,Clayey,Chickpea,16.8,53.9,16.8,28-28
23.1,59.5,39.3,Sandy,Maize,27.8,76.0,36.1,20-20
27.2,80.2,44.9,Loamy,Cotton,20.9,75.5,24.3,28-28
23.1,78.7,46.3,Sandy,Cotton,43.2,47.7,47.0,17-17-17
26.6,42.8,59.1,Clayey,Cotton,79.7,74.1,18.9,DAP
33.8,70.2,27.0,Clayey,Cotton,45.9,48.8,45.3,17-17-17
37.5,51.8,33.5,Loamy,Maize,36.6,35.3,46.2,17-17-17
27.3,41.8,58.4,Black,Pigeonpeas,14.2,74.8,14.9,28-28
31.1,54.3,52.1,Loamy,Chickpea,39.0,71.3,32.8,20-20
20.3,42.5,36.3,Loamy,Wheat,71.0,24.2,23.1,10-26-26
35.2,48.1,27.5,Sandy,Ground Nuts,41.4,29.4,22.6,14-35-14
37.2,59.5,56.4,Black,Wheat,58.3,29.2,22.9,14-35-14
29.3,66.2,43.6,Clayey,Cotton,49.0,43.8,49.4,17-17-17
31.0,50.8,59.7,Sandy,Rice,13.2,63.9,53.2,Urea
29.4,67.0,47.7,Loamy,Chickpea,33.1,49.4,26.2,20-20
28.0,64.8,29.6,Sandy,Maize,43.0,52.0,44.2,17-17-17
26.3,48.4,38.9,Loamy,Ground Nuts,70.6,13.5,10.3,10-26-26
32.6,55.4,42.3,Red,Kidneybeans,8.6,46.6,46.7,Urea
28.7,41.9,43.5,Loamy,Maize,42.6,32.1,21.2,14-35-14
30.6,44.0,54.4,Loamy,Ground Nuts,39.9,64.4,36.4,20-20
22.1,58.7,32.5,Red,Maize,33.1,42.2,13.1,14-35-14
31.4,63.1,53.3,Sandy,Sugarcane,14.8,67.1,73.7,Urea
26.3,40.9,64.1,Red,Kidneybeans,11.3,52.5,23.5,28-28
28.4,63.2,38.3,Red,Chickpea,38.3,27.4,19.2,14-35-14
30.3,54.2,45.5,Red,Sugarcane,24.9,56.0,37.3,20-20
20.3,52.1,40.0,Sandy,Wheat,27.6,68.7,24.3,28-28
23.9,64.4,39.8,Loamy,Pigeonpeas,71.4,21.7,14.5,10-26-26
28.0,53.6,64.5,Red,Wheat,38.2,33.1,16.3,14-35-14
31.7,57.6,44.9,Sandy,Kidneybeans,56.3,40.8,9.8,14-35-14
34.0,45.3,41.2,Loamy,Maize,41.7,52.3,16.6,DAP
33.7,82.9,39.9,Black,Cotton,73.2,72.3,8.2,DAP
24.8,52.8,30.0,Clayey,Wheat,57.7,36.5,10.9,14-35-14
26.3,70.1,40.5,Sandy,Cotton,51.5,21.2,13.0,10-26-26
25.5,64.0,30.4,Black,Wheat,38.7,51.6,37.9,20-20
24.5,81.2,59.1,Clayey,Maize,66.1,23.6,15.4,10-26-26
21.9,83.4,47.9,Loamy,Pigeonpeas,23.0,73.0,26.2,20-20
26.4,80.1,48.7,Loamy,Cotton,76.3,7.3,13.5,10-26-26
37.1,77.9,48.7,Clayey,Sugarcane,58.4,22.5,14.8,10-26-26
22.5,77.2,55.5,Red,Cotton,44.9,38.6,12.7,14-35-14
27.2,84.0,45.3,Black,Kidneybeans,31.0,62.0,34.2,20-20
28.5,63.1,58.4,Clayey,Ground Nuts,24.8,40.7,14.0,28-28
37.3,83.6,50.0,Red,Kidneybeans,41.5,32.7,10.3,14-35-14
21.6,81.7,43.2,Clayey,Rice,17.3,67.0,19.4,28-28
25.2,48.4,41.3,Red,Pigeonpeas,51.9,41.2,24.4,14-35-14
24.1,41.7,49.7,Black,Maize,8.3,67.0,53.7,Urea
21.1,84.8,40.5,Black,Chickpea,38.1,71.4,25.9,20-20
20.0,53.9,36.1,Red,Ground Nuts,17.9,60.3,12.0,28-28
36.8,60.3,51.8,Sandy,Pigeonpeas,50.8,68.4,12.0,DAP
23.1,55.2,34.0,Black,Chickpea,27.2,65.3,24.6,20-20
36.1,54.2,33.6,Sandy,Cotton,63.7,68.6,6.1,DAP
36.1,62.6,50.8,Clayey,Ground Nuts,48.4,74.5,12.1,DAP
30.4,45.5,52.6,Black,Wheat,23.3,67.0,41.7,Urea
27.6,48.7,41.6,Black,Sugarcane,57.3,20.5,19.8,10-26-26
27.4,40.6,54.3,Clayey,Kidneybeans,47.9,30.6,13.9,14-35-14
28.9,43.8,59.7,Sandy,Wheat,15.6,51.2,13.1,28-28
21.7,75.6,28.0,Clayey,Wheat,21.4,50.6,30.7,20-20
21.4,49.2,53.6,Red,Cotton,51.2,45.1,44.1,17-17-17
22.1,82.4,36.6,Clayey,Kidneybeans,38.5,72.4,26.5,20-20
26.5,73.1,45.5,Clayey,Rice,23.5,76.8,76.3,Urea
20.3,51.3,34.2,Red,Pigeonpeas,51.2,16.6,15.7,10-26-26
21.3,82.5,55.9,Loamy,Cotton,73.6,70.4,11.2,DAP
35.9,81.4,45.5,Sandy,Cotton,48.9,33.4,15.1,14-35-14
34.1,55.0,48.7,Sandy,Kidneybeans,34.3,74.3,37.8,20-20
29.1,74.6,60.1,Red,Maize,22.1,72.2,27.7,20-20
32.1,77.9,35.0,Black,Pigeonpeas,80.0,19.6,20.1,10-26-26
31.5,78.3,39.4,Loamy,Maize,22.9,60.9,26.6,20-20
33.7,60.4,56.7,Black,Kidneybeans,35.4,74.9,33.4,20-20
29.9,48.9,46.9,Black,Wheat,29.9,41.8,62.6,Urea
22.8,78.8,32.9,Loamy,Wheat,76.8,69.7,12.5,DAP
32.1,83.1,55.8,Black,Chickpea,48.1,30.3,24.8,14-35-14
35.3,63.0,53.3,Red,Wheat,48.7,10.4,18.8,10-26-26
33.9,44.5,60.2,Sandy,Maize,41.1,44.8,48.1,17-17-17
27.3,70.5,54.1,Clayey,Ground Nuts,50.5,29.6,23.4,14-35-14
27.5,64.1,25.8,Sandy,Ground Nuts,9.0,68.7,65.7,Urea
28.4,69.8,55.6,Sandy,Sugarcane,44.1,45.8,47.6,17-17-17
23.1,41.4,43.0,Black,Kidneybeans,56.0,25.3,10.6,14-35-14
21.7,50.8,29.0,Black,Sugarcane,33.8,66.6,20.6,20-20
26.8,62.6,28.1,Sandy,Rice,22.1,49.0,54.1,Urea
26.2,43.5,40.7,Red,Maize,70.1,12.7,14.4,10-26-26
30.0,45.7,42.9,Red,Maize,31.4,57.8,32.1,20-20
30.7,62.1,37.1,Loamy,Pigeonpeas,31.2,45.9,33.4,20-20
22.9,76.5,34.0,Clayey,Ground Nuts,45.8,34.5,10.2,14-35-14
21.3,61.8,43.8,Black,Cotton,11.5,56.7,76.9,Urea
25.7,47.9,41.3,Loamy,Pigeonpeas,37.2,42.1,43.8,17-17-17
31.5,61.1,59.3,Sandy,Kidneybeans,55.4,24.7,10.3,10-26-26
26.5,69.3,51.5,Loamy,Wheat,28.1,77.7,26.3,20-20
36.6,43.7,52.5,Loamy,Rice,49.1,42.4,5.6,DAP
30.7,69.1,39.9,Clayey,Cotton,69.7,57.2,13.3,DAP
24.6,55.0,42.7,Sandy,Sugarcane,18.2,59.7,58.0,Urea
20.9,48.8,48.3,Black,Chickpea,71.4,44.3,7.9,DAP
21.5,52.2,55.7,Loamy,Sugarcane,65.3,8.3,16.2,10-26-26
29.2,40.5,51.9,Black,Sugarcane,18.5,48.6,17.7,28-28
21.3,52.8,34.7,Black,Pigeonpeas,51.2,21.4,12.6,10-26-26
29.8,68.7,45.9,Red,Sugarcane,43.7,44.8,38.8,17-17-17
37.9,48.0,46.9,Sandy,Ground Nuts,37.4,40.8,53.7,17-17-17
34.5,49.4,36.7,Clayey,Pigeonpeas,9.8,73.4,50.6,Urea
37.3,40.3,26.9,Sandy,Ground Nuts,13.0,73.2,15.2,28-28
36.5,60.9,29.1,Black,Sugarcane,43.7,36.6,14.4,14-35-14
37.9,64.5,43.9,Clayey,Pigeonpeas,83.0,8.8,8.1,10-26-26
26.5,46.8,38.1,Sandy,Rice,21.7,64.4,14.8,28-28
34.1,48.1,57.0,Loamy,Maize,32.8,74.1,33.4,20-20
25.4,48.2,49.7,Clayey,Ground Nuts,14.7,40.0,11.2,28-28
24.2,75.1,49.9,Black,Cotton,34.6,28.5,14.1,14-35-14
35.3,81.4,43.0,Loamy,Maize,45.7,48.9,49.8,17-17-17
26.2,69.2,40.7,Sandy,Ground Nuts,37.9,53.5,36.9,20-20
23.9,68.1,40.7,Clayey,Kidneybeans,29.8,49.1,17.2,28-28
22.9,64.6,38.9,Clayey,Ground Nuts,15.9,53.4,53.4,Urea
25.2,73.2,26.2,Black,Rice,14.5,59.4,56.3,Urea
23.8,79.8,64.2,Red,Rice,5.5,53.7,61.9,Urea
36.9,66.4,53.0,Loamy,Ground Nuts,61.0,41.3,19.2,DAP
32.7,57.7,35.9,Clayey,Sugarcane,5.1,73.4,68.8,Urea
31.3,60.3,28.2,Loamy,Chickpea,70.1,18.4,7.8,10-26-26
31.3,63.1,46.3,Sandy,Sugarcane,29.6,65.0,33.5,20-20
35.5,60.3,25.2,Black,Rice,15.0,65.0,47.5,Urea
27.2,59.1,62.0,Clayey,Ground Nuts,24.4,69.8,33.9,20-20
31.8,50.4,35.1,Sandy,Cotton,16.7,46.0,75.9,Urea
34.6,81.4,42.1,Clayey,Wheat,42.3,45.6,51.0,17-17-17
22.1,62.5,56.8,Black,Sugarcane,33.1,60.3,24.6,20-20
25.6,73.7,47.3,Loamy,Cotton,79.7,18.8,11.1,10-26-26
20.8,58.0,30.2,Black,Sugarcane,40.5,37.5,21.4,14-35-14
36.8,65.4,49.5,Clayey,Sugarcane,21.4,55.0,37.3,20-20
35.8,43.0,59.7,Sandy,Chickpea,14.8,61.7,54.6,Urea
32.5,66.1,52.7,Sandy,Kidneybeans,54.9,31.5,8.6,14-35-14
27.9,56.2,47.6,Clayey,Chickpea,37.1,35.0,24.8,14-35-14
23.4,50.3,61.8,Loamy,Ground Nuts,34.1,58.2,35.4,20-20
26.6,67.5,61.4,Sandy,Sugarcane,25.8,43.0,18.5,28-28
23.3,79.7,38.7,Loamy,Cotton,17.7,59.6,20.1,28-28
21.7,48.6,25.3,Loamy,Ground Nuts,9.5,61.5,53.2,Urea
32.7,56.1,55.1,Black,Ground Nuts,48.6,28.9,15.8,14-35-14
27.7,80.0,34.4,Clayey,Pigeonpeas,36.5,52.7,46.8,17-17-17
33.8,57.1,44.1,Clayey,Wheat,9.7,71.1,51.7,Urea
21.6,42.6,40.0,Sandy,Rice,16.6,40.3,64.4,Urea
35.3,64.1,30.2,Black,Pigeonpeas,26.0,61.1,20.6,28-28
28.2,49.2,33.3,Red,Ground Nuts,23.0,77.2,30.9,20-20
25.4,42.2,54.8,Loamy,Wheat,34.9,67.5,33.4,20-20
23.0,57.7,55.7,Loamy,Wheat,82.2,20.5,13.5,10-26-26
36.1,81.4,61.3,Clayey,Rice,45.8,41.0,11.7,14-35-14
30.6,45.5,32.4,Sandy,Cotton,39.1,70.7,34.8,20-20
23.5,47.5,48.0,Clayey,Chickpea,60.8,20.9,18.2,10-26-26
27.2,49.3,47.0,Loamy,Ground Nuts,33.3,29.2,12.9,14-35-14
31.0,42.9,40.2,Sandy,Sugarcane,10.1,57.0,19.2,28-28
35.2,73.6,33.1,Red,Ground Nuts,40.2,36.9,24.4,14-35-14
32.7,45.9,50.6,Loamy,Wheat,44.5,49.3,54.7,17-17-17
26.3,79.2,37.4,Loamy,Cotton,18.7,80.0,68.1,Urea
36.7,62.1,58.7,Sandy,Kidneybeans,44.3,31.7,20.2,14-35-14
22.0,59.3,43.6,Red,Cotton,59.3,33.1,19.5,14-35-14
31.4,47.5,41.2,Red,Kidneybeans,28.0,66.5,12.5,28-28
36.9,76.4,57.8,Loamy,Rice,13.9,41.0,12.1,28-28
35.1,49.0,33.1,Sandy,Wheat,35.8,51.1,54.4,17-17-17
22.0,62.0,40.1,Clayey,Rice,22.4,61.8,72.7,Urea
21.0,67.7,52.4,Sandy,Sugarcane,47.9,76.4,18.9,DAP
30.6,81.2,37.8,Black,Wheat,76.9,5.1,5.2,10-26-26
22.1,50.4,61.1,Clayey,Chickpea,23.5,63.6,33.6,20-20
22.2,64.7,25.5,Loamy,Wheat,30.0,47.5,34.0,20-20
21.9,82.7,29.4,Loamy,Chickpea,58.5,49.3,20.9,DAP
20.0,79.7,25.8,Clayey,Kidneybeans,74.1,19.8,12.2,10-26-26
35.9,64.2,59.3,Black,Ground Nuts,50.8,63.0,17.8,DAP
26.5,57.3,44.0,Red,Maize,32.0,46.4,31.4,20-20
32.7,70.6,49.5,Loamy,Kidneybeans,46.6,13.5,21.7,10-26-26
27.5,67.8,51.6,Sandy,Ground Nuts,83.3,24.7,8.1,10-26-26
36.0,71.3,38.9,Red,Chickpea,27.7,68.0,20.0,28-28
29.9,51.3,39.8,Black,Pigeonpeas,21.9,76.4,24.5,20-20
36.5,68.9,26.3,Sandy,Chickpea,84.9,18.7,7.0,10-26-26
24.5,55.1,38.7,Sandy,Ground Nuts,78.4,58.3,18.6,DAP
22.8,49.5,39.6,Loamy,Ground Nuts,27.6,44.9,12.0,28-28
30.2,60.3,42.4,Sandy,Ground Nuts,37.2,51.4,37.8,17-17-17
22.0,42.4,49.3,Black,Wheat,22.9,67.2,54.9,Urea
23.7,56.4,51.0,Sandy,Chickpea,74.5,72.6,7.2,DAP
24.6,43.3,54.2,Red,Pigeonpeas,16.0,45.1,16.8,28-28
28.9,82.4,60.7,Black,Rice,46.5,41.5,53.7,17-17-17
33.0,74.8,31.0,Sandy,Chickpea,43.9,48.2,38.5,17-17-17
27.2,46.2,29.6,Sandy,Wheat,53.5,11.5,24.9,10-26-26
37.7,66.5,35.3,Loamy,Chickpea,19.1,72.0,43.1,Urea
36.3,79.3,43.3,Clayey,Cotton,47.3,11.5,21.6,10-26-26
21.3,50.1,26.3,Red,Wheat,60.1,47.2,10.3,DAP
26.3,63.0,62.4,Sandy,Maize,35.7,52.1,45.0,17-17-17
27.2,70.6,60.6,Clayey,Pigeonpeas,35.8,41.5,36.4,17-17-17
31.3,62.1,30.7,Loamy,Kidneybeans,42.2,49.9,15.6,DAP
36.8,74.0,56.6,Sandy,Maize,12.1,56.3,22.5,28-28
34.0,80.0,62.1,Clayey,Kidneybeans,39.8,35.3,43.5,17-17-17
35.5,54.8,39.7,Clayey,Ground Nuts,35.8,52.8,41.5,17-17-17
24.6,83.8,40.2,Sandy,Ground Nuts,47.0,39.8,20.0,14-35-14
22.6,51.7,46.8,Clayey,Chickpea,37.1,34.8,19.5,14-35-14
23.1,46.3,36.2,Clayey,Sugarcane,24.1,47.9,38.9,20-20
37.6,81.3,53.7,Red,Maize,57.0,48.9,8.2,DAP
24.8,54.0,49.0,Clayey,Sugarcane,14.8,55.5,18.8,28-28
36.6,53.2,37.9,Clayey,Sugarcane,21.3,74.7,32.3,20-20
36.1,69.0,46.0,Clayey,Sugarcane,13.3,52.8,79.2,Urea
21.3,63.0,57.9,Clayey,Chickpea,38.9,67.1,22.1,20-20
33.4,80.7,25.2,Black,Ground Nuts,5.0,41.2,58.9,Urea
21.5,75.8,38.0,Clayey,Maize,78.6,18.5,17.2,10-26-26
23.7,64.5,64.5,Clayey,Cotton,75.6,24.4,24.9,10-26-26
27.9,76.4,45.2,Loamy,Wheat,71.6,10.1,19.9,10-26-26
27.7,79.2,55.8,Loamy,Sugarcane,51.4,42.7,54.4,17-17-17
22.0,80.3,26.4,Red,Sugarcane,74.5,65.6,11.1,DAP
33.1,84.8,56.9,Black,Kidneybeans,40.3,26.0,23.3,14-35-14
26.4,84.9,42.4,Black,Pigeonpeas,5.6,45.1,54.5,Urea
21.0,71.0,28.0,Loamy,Maize,48.1,42.5,6.6,DAP
31.2,79.7,39.1,Black,Maize,21.1,56.6,19.6,28-28
30.0,51.2,34.7,Loamy,Kidneybeans,54.8,51.7,50.1,17-17-17
31.6,82.6,36.3,Loamy,Cotton,46.9,42.9,48.8,17-17-17
27.9,52.9,31.1,Black,Chickpea,20.6,62.8,18.9,28-28
34.0,54.8,43.9,Sandy,Rice,36.0,50.5,20.9,20-20
21.1,69.5,43.7,Loamy,Sugarcane,19.4,77.2,15.7,28-28
32.2,50.6,40.1,Sandy,Ground Nuts,17.7,75.5,61.1,Urea
22.9,69.3,36.6,Sandy,Maize,39.5,48.9,29.0,20-20
22.7,59.0,63.6,Loamy,Sugarcane,42.3,33.9,13.9,14-35-14
22.8,64.1,63.7,Loamy,Ground Nuts,47.0,23.5,8.7,10-26-26
21.0,59.5,56.1,Red,Chickpea,21.1,53.1,19.7,28-28
31.5,50.3,41.7,Loamy,Ground Nuts,26.0,52.0,18.1,28-28
30.5,71.9,59.4,Loamy,Ground Nuts,29.7,47.2,50.0,Urea
25.0,46.3,52.4,Red,Cotton,39.4,38.4,23.5,14-35-14
24.9,84.5,52.1,Black,Ground Nuts,76.0,61.6,18.2,DAP
24.8,45.5,47.4,Sandy,Sugarcane,35.3,30.3,18.4,14-35-14
30.7,64.5,34.8,Red,Ground Nuts,56.7,25.8,9.9,14-35-14
29.1,82.8,52.9,Red,Kidneybeans,67.8,8.6,16.5,10-26-26
37.2,50.9,43.9,Clayey,Rice,38.8,78.8,35.8,20-20
25.0,72.2,47.2,Sandy,Cotton,12.2,58.1,24.0,28-28
30.9,53.6,33.0,Black,Maize,45.9,42.8,43.8,17-17-17
27.2,73.0,39.5,Black,Cotton,22.3,53.0,40.6,Urea
25.7,68.5,52.5,Sandy,Chickpea,49.8,33.3,18.3,14-35-14
32.3,55.2,40.3,Clayey,Chickpea,52.0,37.6,23.8,14-35-14
29.4,79.8,47.1,Loamy,Wheat,32.3,70.0,38.2,20-20
23.3,69.1,64.7,Clayey,Cotton,68.0,5.3,5.7,10-26-26
33.9,50.4,61.1,Loamy,Pigeonpeas,43.9,66.5,9.3,DAP
27.5,68.4,40.4,Loamy,Sugarcane,13.5,63.6,65.4,Urea
26.6,58.7,50.1,Loamy,Sugarcane,38.3,53.5,20.7,20-20
27.7,72.8,34.7,Clayey,Wheat,31.9,76.9,37.7,20-20
37.7,56.8,56.3,Red,Ground Nuts,18.9,68.2,23.0,28-28
30.0,81.7,29.1,Loamy,Ground Nuts,20.0,75.6,52.1,Urea
31.2,58.3,37.6,Black,Rice,54.7,50.0,44.3,17-17-17
21.4,74.0,25.4,Clayey,Rice,29.2,79.3,17.7,28-28
24.9,44.4,56.7,Loamy,Sugarcane,26.5,54.3,10.5,28-28
26.8,79.2,40.7,Black,Maize,47.2,53.2,5.1,DAP
27.6,44.0,33.1,Loamy,Rice,34.6,35.6,16.2,14-35-14
28.2,46.0,45.9,Loamy,Ground Nuts,49.7,39.9,46.1,17-17-17
24.5,53.9,49.7,Sandy,Cotton,35.2,34.6,15.0,14-35-14
27.4,57.4,53.0,Clayey,Kidneybeans,10.2,52.1,15.1,28-28
26.6,52.0,48.6,Black,Wheat,46.8,10.9,9.9,10-26-26
29.1,69.3,63.3,Black,Rice,70.6,69.9,11.9,DAP
27.4,43.5,60.7,Sandy,Rice,51.1,15.7,6.3,10-26-26
25.2,72.2,57.2,Red,Ground Nuts,11.5,66.4,52.0,Urea
24.0,54.0,27.8,Red,Cotton,60.0,53.1,19.9,DAP
23.0,55.6,57.8,Clayey,Cotton,17.7,60.1,19.1,28-28
32.1,73.9,34.8,Black,Rice,48.5,51.8,35.9,17-17-17
21.2,61.7,31.8,Red,Sugarcane,49.6,41.8,39.8,17-17-17
23.0,40.7,58.7,Loamy,Wheat,66.0,14.7,22.8,10-26-26
33.0,53.5,25.0,Loamy,Chickpea,27.6,50.3,34.8,20-20
25.4,41.4,31.6,Red,Kidneybeans,41.9,26.9,13.4,14-35-14
32.1,48.1,44.7,Red,Chickpea,42.3,51.0,44.4,17-17-17
26.6,66.6,39.0,Clayey,Kidneybeans,39.3,52.6,37.3,17-17-17
31.2,51.7,48.3,Loamy,Chickpea,14.8,44.9,16.7,28-28
29.8,65.0,50.3,Clayey,Kidneybeans,43.8,37.2,48.6,17-17-17
31.4,54.2,31.4,Loamy,Kidneybeans,42.3,37.7,19.2,14-35-14
27.1,57.8,42.0,Loamy,Chickpea,50.9,24.7,11.5,10-26-26
29.5,54.6,46.0,Clayey,Ground Nuts,12.3,67.8,12.0,28-28
21.3,58.1,25.1,Clayey,Chickpea,63.0,22.4,8.9,10-26-26
22.8,73.2,61.8,Loamy,Cotton,10.8,79.9,15.9,28-28
24.0,47.0,37.1,Sandy,Cotton,34.5,63.3,23.3,20-20
34.7,56.8,58.9,Loamy,Pigeonpeas,23.3,46.5,25.4,20-20
31.8,59.7,51.1,Clayey,Kidneybeans,6.3,65.1,47.2,Urea
27.3,72.5,52.4,Clayey,Rice,29.1,62.1,48.6,Urea
36.0,61.1,41.6,Clayey,Sugarcane,19.5,54.1,50.3,Urea
32.6,70.3,35.2,Red,Ground Nuts,50.6,38.0,40.1,17-17-17
31.7,78.8,36.7,Sandy,Ground Nuts,43.5,32.2,11.9,14-35-14
29.3,77.2,28.0,Black,Kidneybeans,53.9,65.9,19.0,DAP
28.6,67.9,48.8,Red,Pigeonpeas,78.7,8.5,9.3,10-26-26
36.9,65.6,45.1,Sandy,Sugarcane,47.1,38.4,47.3,17-17-17
29.3,41.4,55.6,Red,Ground Nuts,25.9,69.9,64.8,Urea
36.2,72.3,38.9,Black,Maize,63.5,80.0,10.3,DAP
31.1,55.4,26.2,Red,Sugarcane,57.8,17.5,23.6,10-26-26
24.8,51.0,36.9,Loamy,Kidneybeans,21.5,59.7,18.2,28-28
34.1,69.9,52.3,Loamy,Chickpea,59.3,43.2,16.3,DAP
28.6,63.1,33.3,Sandy,Kidneybeans,32.2,58.1,34.5,20-20
23.5,72.9,57.1,Loamy,Wheat,66.0,77.1,10.5,DAP
27.3,71.1,58.8,Red,Cotton,40.7,37.5,12.0,14-35-14
34.5,61.4,57.0,Clayey,Pigeonpeas,20.1,67.9,15.7,28-28
35.5,81.3,45.0,Clayey,Cotton,20.9,61.5,22.5,28-28
36.4,49.8,46.0,Black,Kidneybeans,73.7,71.8,6.9,DAP
24.5,56.8,54.8,Clayey,Cotton,44.8,39.9,38.1,17-17-17
29.1,42.8,61.9,Clayey,Chickpea,47.1,72.1,14.0,DAP
32.2,66.0,39.8,Red,Maize,48.2,43.7,17.1,DAP
26.9,69.2,61.3,Loamy,Sugarcane,18.3,55.5,14.7,28-28
23.2,56.3,36.7,Sandy,Sugarcane,67.1,16.0,8.3,10-26-26
20.8,83.6,53.2,Red,Kidneybeans,13.4,45.7,45.9,Urea
36.2,64.3,53.0,Red,Maize,77.3,22.7,20.8,10-26-26
23.1,64.8,62.8,Red,Rice,45.4,50.1,51.6,17-17-17
20.2,54.9,27.5,Sandy,Ground Nuts,20.4,48.3,22.3,28-28
22.2,63.0,28.2,Red,Wheat,46.7,37.1,35.6,17-17-17
36.2,74.8,59.8,Loamy,Kidneybeans,14.3,43.7,18.9,28-28
35.4,80.8,59.0,Red,Ground Nuts,77.1,17.7,19.9,10-26-26
35.9,63.9,62.9,Clayey,Wheat,53.1,18.9,14.1,10-26-26
37.9,70.9,26.4,Loamy,Ground Nuts,25.7,57.8,51.4,Urea
27.1,79.9,45.4,Clayey,Maize,34.3,64.5,20.9,20-20
29.4,68.0,28.7,Red,Maize,59.5,10.1,9.5,10-26-26
30.3,74.0,35.9,Black,Kidneybeans,15.7,74.9,19.8,28-28
34.3,78.3,49.9,Red,Pigeonpeas,55.6,16.7,17.4,10-26-26
36.8,78.8,36.4,Sandy,Sugarcane,46.3,54.2,12.6,DAP
28.5,79.5,28.2,Sandy,Cotton,25.5,41.3,62.8,Urea
36.0,74.5,32.9,Black,Maize,48.6,42.8,21.5,14-35-14
36.6,47.5,35.7,Sandy,Maize,42.5,64.9,18.5,DAP
33.4,61.5,40.0,Sandy,Kidneybeans,14.2,57.9,47.8,Urea
33.1,41.6,39.6,Black,Pigeonpeas,59.2,44.8,8.2,DAP
31.3,75.3,60.1,Sandy,Pigeonpeas,72.2,10.5,15.5,10-26-26
23.6,80.0,61.5,Red,Chickpea,64.3,69.6,18.0,DAP
25.6,71.5,34.0,Loamy,Sugarcane,47.4,54.4,46.8,17-17-17
29.5,41.8,58.0,Loamy,Wheat,44.8,31.4,13.9,14-35-14
35.3,53.3,25.3,Red,Maize,51.9,75.6,9.8,DAP
35.8,44.7,26.3,Clayey,Sugarcane,7.2,66.0,73.8,Urea
22.5,76.6,52.1,Red,Maize,75.6,75.8,12.6,DAP
34.8,53.5,57.6,Red,Pigeonpeas,18.5,79.1,11.5,28-28
21.7,71.8,54.4,Loamy,Cotton,52.8,14.4,11.0,10-26-26
30.8,76.0,49.4,Sandy,Wheat,13.6,73.4,18.2,28-28
35.0,44.7,30.6,Sandy,Rice,39.5,62.8,31.8,20-20
23.7,71.3,32.2,Black,Pigeonpeas,44.1,10.7,10.0,10-26-26
21.6,49.2,26.2,Sandy,Wheat,60.5,58.8,6.4,DAP
30.0,41.6,48.6,Loamy,Wheat,15.9,77.0,41.0,Urea
37.2,73.6,59.0,Red,Ground Nuts,13.8,64.6,62.2,Urea
26.3,77.0,46.6,Black,Kidneybeans,12.6,42.6,57.5,Urea
34.0,75.7,35.3,Clayey,Kidneybeans,61.2,43.6,21.3,DAP
25.4,78.8,62.3,Red,Chickpea,52.4,31.7,11.9,14-35-14
20.7,46.2,36.4,Red,Rice,50.1,58.2,15.5,DAP
34.9,73.6,50.2,Red,Maize,42.8,38.0,23.3,14-35-14
22.2,73.8,33.9,Clayey,Chickpea,29.9,71.6,12.5,28-28
25.8,58.5,57.3,Red,Sugarcane,53.1,37.3,11.8,14-35-14
32.6,42.3,36.7,Clayey,Rice,6.3,76.3,73.2,Urea
36.8,46.5,36.7,Red,Cotton,26.1,46.3,20.6,20-20
37.9,67.5,56.5,Black,Kidneybeans,26.7,66.5,36.6,20-20
31.4,66.5,61.6,Sandy,Pigeonpeas,80.4,18.3,24.4,10-26-26
24.9,59.2,34.5,Black,Pigeonpeas,30.1,25.1,11.2,14-35-14
31.3,71.4,39.9,Loamy,Chickpea,44.6,48.6,38.9,17-17-17
25.5,48.8,35.7,Red,Chickpea,54.9,6.4,14.5,10-26-26
28.2,46.7,41.2,Black,Kidneybeans,7.6,43.9,61.3,Urea
23.8,47.3,46.9,Loamy,Maize,68.4,12.5,24.2,10-26-26
33.3,77.5,55.0,Clayey,Rice,37.9,36.6,47.4,17-17-17
22.4,78.8,49.6,Black,Maize,40.6,35.7,8.5,14-35-14
37.5,46.1,47.7,Loamy,Wheat,75.9,6.8,15.5,10-26-26
33.7,74.7,51.5,Black,Rice,39.3,50.5,43.1,17-17-17
24.6,47.0,33.3,Loamy,Rice,56.0,50.2,17.6,DAP
35.9,50.5,43.0,Clayey,Chickpea,44.3,15.1,11.7,10-26-26
23.9,68.4,40.3,Clayey,Chickpea,44.5,35.0,22.2,14-35-14
36.2,48.0,36.7,Black,Maize,62.1,57.0,10.4,DAP
26.5,51.1,41.3,Red,Rice,45.5,27.4,20.7,14-35-14
27.8,44.9,35.7,Sandy,Ground Nuts,50.4,58.4,13.3,DAP
32.9,64.6,42.9,Black,Sugarcane,26.2,75.3,13.7,28-28
35.8,76.8,49.1,Red,Pigeonpeas,50.1,45.9,43.7,17-17-17
33.8,55.9,60.6,Loamy,Chickpea,57.8,23.8,19.4,10-26-26
33.1,62.4,49.3,Loamy,Rice,28.0,55.4,16.0,28-28
20.5,62.7,57.2,Black,Pigeonpeas,46.5,40.7,12.6,14-35-14
26.3,72.3,33.7,Loamy,Kidneybeans,50.6,47.1,17.7,DAP
20.3,73.0,52.7,Loamy,Ground Nuts,53.8,33.9,12.4,14-35-14
32.6,68.5,29.6,Sandy,Kidneybeans,35.6,68.0,34.4,20-20
25.0,50.3,57.2,Sandy,Cotton,49.1,29.5,17.6,14-35-14
34.3,83.5,54.1,Clayey,Rice,39.9,52.6,33.0,20-20
34.8,45.2,58.4,Loamy,Rice,22.8,44.7,15.1,28-28
